token,symbol,expiry,freeze_qty,is_cas_enabled
37810,NIFTY29DEC2623000PE,29DEC2026,1801,False
38158,NIFTY29DEC2629000CE,29DEC2026,1801,False
40671,NIFTY06OCT2622100CE,06OCT2026,1801,False
40688,NIFTY06OCT2622400PE,06OCT2026,1801,False
40712,NIFTY06OCT2622750CE,06OCT2026,1801,False
40716,NIFTY06OCT2622800PE,06OCT2026,1801,False
40724,NIFTY06OCT2622950PE,06OCT2026,1801,False
40736,NIFTY06OCT2623050PE,06OCT2026,1801,False
40746,NIFTY06OCT2623200PE,06OCT2026,1801,False
40751,NIFTY06OCT2623300CE,06OCT2026,1801,False
40780,NIFTY06OCT2623750PE,06OCT2026,1801,False
40811,NIFTY06OCT2624200CE,06OCT2026,1801,False
40814,NIFTY06OCT2624250PE,06OCT2026,1801,False
40819,NIFTY06OCT2624350CE,06OCT2026,1801,False
40836,NIFTY06OCT2624650PE,06OCT2026,1801,False
40902,NIFTY06OCT2625750CE,06OCT2026,1801,False
44561,NIFTY13OCT2621700PE,13OCT2026,1801,False
44581,NIFTY13OCT2622000PE,13OCT2026,1801,False
44600,NIFTY13OCT2622350CE,13OCT2026,1801,False
44604,NIFTY13OCT2622400PE,13OCT2026,1801,False
44618,NIFTY13OCT2622650CE,13OCT2026,1801,False
44658,NIFTY13OCT2623350CE,13OCT2026,1801,False
44659,NIFTY13OCT2623350PE,13OCT2026,1801,False
44671,NIFTY13OCT2623550PE,13OCT2026,1801,False
44710,NIFTY13OCT2623950CE,13OCT2026,1801,False
44749,NIFTY13OCT2624450PE,13OCT2026,1801,False
44766,NIFTY13OCT2624800CE,13OCT2026,1801,False
44768,NIFTY13OCT2624850CE,13OCT2026,1801,False
44775,NIFTY13OCT2624900PE,13OCT2026,1801,False
44782,NIFTY13OCT2625100CE,13OCT2026,1801,False
44798,NIFTY13OCT2625400CE,13OCT2026,1801,False
47146,NIFTY15SEP2621750PE,15SEP2026,1801,False
47192,NIFTY29JUN2733000CE,29JUN2027,1801,False
47222,NIFTY15SEP2622050CE,15SEP2026,1801,False
47253,NIFTY15SEP2622400CE,15SEP2026,1801,False
47257,NIFTY15SEP2622500CE,15SEP2026,1801,False
47275,NIFTY15SEP2622950CE,15SEP2026,1801,False
47277,NIFTY15SEP2623000CE,15SEP2026,1801,False
47285,NIFTY15SEP2623200CE,15SEP2026,1801,False
47293,NIFTY15SEP2623400CE,15SEP2026,1801,False
47295,NIFTY15SEP2623450CE,15SEP2026,1801,False
47302,NIFTY15SEP2623600PE,15SEP2026,1801,False
47316,NIFTY15SEP2623900PE,15SEP2026,1801,False
47328,NIFTY15SEP2624200PE,15SEP2026,1801,False
47331,NIFTY15SEP2624300CE,15SEP2026,1801,False
47338,NIFTY15SEP2624450PE,15SEP2026,1801,False
47339,NIFTY15SEP2624500CE,15SEP2026,1801,False
47340,NIFTY15SEP2624500PE,15SEP2026,1801,False
47347,NIFTY15SEP2624650CE,15SEP2026,1801,False
47355,NIFTY15SEP2624800PE,15SEP2026,1801,False
47356,NIFTY15SEP2624850CE,15SEP2026,1801,False
47367,NIFTY15SEP2625100CE,15SEP2026,1801,False
47370,NIFTY15SEP2625150PE,15SEP2026,1801,False
47385,NIFTY15SEP2625400CE,15SEP2026,1801,False
47396,NIFTY15SEP2625600PE,15SEP2026,1801,False
47405,NIFTY15SEP2625700CE,15SEP2026,1801,False
47423,NIFTY15SEP2625950CE,15SEP2026,1801,False
47437,NIFTY15SEP2626100CE,15SEP2026,1801,False
51307,NIFTY27OCT2621950PE,27OCT2026,1801,False
51318,NIFTY27OCT2622250CE,27OCT2026,1801,False
51340,NIFTY27OCT2622700CE,27OCT2026,1801,False
51346,NIFTY27OCT2622850CE,27OCT2026,1801,False
51347,NIFTY27OCT2622850PE,27OCT2026,1801,False
51352,NIFTY27OCT2623000CE,27OCT2026,1801,False
51358,NIFTY27OCT2623150CE,27OCT2026,1801,False
51359,NIFTY27OCT2623150PE,27OCT2026,1801,False
51363,NIFTY27OCT2623250PE,27OCT2026,1801,False
51396,NIFTY27OCT2624050CE,27OCT2026,1801,False
51400,NIFTY27OCT2624150CE,27OCT2026,1801,False
51411,NIFTY27OCT2624400PE,27OCT2026,1801,False
51412,NIFTY27OCT2624450CE,27OCT2026,1801,False
51417,NIFTY27OCT2624450PE,27OCT2026,1801,False
51430,NIFTY27OCT2624800CE,27OCT2026,1801,False
51443,NIFTY27OCT2625050PE,27OCT2026,1801,False
51469,NIFTY27OCT2625500PE,27OCT2026,1801,False
51480,NIFTY27OCT2625750CE,27OCT2026,1801,False
51482,NIFTY27OCT2625800CE,27OCT2026,1801,False
51487,NIFTY27OCT2625900PE,27OCT2026,1801,False
51488,NIFTY27OCT2625950CE,27OCT2026,1801,False
51512,NIFTY27OCT2626550CE,27OCT2026,1801,False
51513,NIFTY27OCT2626550PE,27OCT2026,1801,False
51514,NIFTY27OCT2626600CE,27OCT2026,1801,False
51521,NIFTY27OCT2626750PE,27OCT2026,1801,False
51522,NIFTY27OCT2626800CE,27OCT2026,1801,False
53624,NIFTY28DEC2724000CE,28DEC2027,1801,False
55292,NIFTY29SEP2634500CE,29SEP2026,1801,False
55424,NIFTY28DEC2722500CE,28DEC2027,1801,False
55425,NIFTY28DEC2722500PE,28DEC2027,1801,False
55476,NIFTY27JUN2825500CE,27JUN2028,1801,False
55521,NIFTY26DEC2822500PE,26DEC2028,1801,False
55563,NIFTY26JUN2925500PE,26JUN2029,1801,False
55565,NIFTY26JUN2928500PE,26JUN2029,1801,False
55598,NIFTY24DEC2916500CE,24DEC2029,1801,False
55602,NIFTY24DEC2922500CE,24DEC2029,1801,False
55603,NIFTY24DEC2922500PE,24DEC2029,1801,False
55646,NIFTY25JUN3025500CE,25JUN2030,1801,False
55648,NIFTY25JUN3028500CE,25JUN2030,1801,False
55649,NIFTY25JUN3028500PE,25JUN2030,1801,False
55650,NIFTY25JUN3031500CE,25JUN2030,1801,False
55651,NIFTY25JUN3031500PE,25JUN2030,1801,False
55699,NIFTY31DEC3018000PE,31DEC2030,1801,False
56721,NIFTY22SEP2621950CE,22SEP2026,1801,False
56904,NIFTY22SEP2622650PE,22SEP2026,1801,False
56936,NIFTY22SEP2622850PE,22SEP2026,1801,False
56948,NIFTY22SEP2622950PE,22SEP2026,1801,False
56956,NIFTY22SEP2623000PE,22SEP2026,1801,False
56985,NIFTY22SEP2623300CE,22SEP2026,1801,False
56996,NIFTY22SEP2623350PE,22SEP2026,1801,False
57086,NIFTY22SEP2623850CE,22SEP2026,1801,False
57147,NIFTY22SEP2623950PE,22SEP2026,1801,False
57251,NIFTY22SEP2624100CE,22SEP2026,1801,False
57715,NIFTY22SEP2624700PE,22SEP2026,1801,False
57784,NIFTY22SEP2624900PE,22SEP2026,1801,False
57867,NIFTY22SEP2625200PE,22SEP2026,1801,False
57874,NIFTY22SEP2625250PE,22SEP2026,1801,False
57893,NIFTY22SEP2625350CE,22SEP2026,1801,False
57911,NIFTY22SEP2625400PE,22SEP2026,1801,False
57927,NIFTY22SEP2625550CE,22SEP2026,1801,False
58033,NIFTY22SEP2626050PE,22SEP2026,1801,False
58640,NIFTY29DEC2618000CE,29DEC2026,1801,False
58648,NIFTY29DEC2622000CE,29DEC2026,1801,False
60892,NIFTY25JUN3018000CE,25JUN2030,1801,False
60945,NIFTY25JUN3033000PE,25JUN2030,1801,False
61773,NIFTY24DEC2925000PE,24DEC2029,1801,False
64232,NIFTY23NOV2621850CE,23NOV2026,1801,False
64240,NIFTY23NOV2622050CE,23NOV2026,1801,False
64277,NIFTY23NOV2622450PE,23NOV2026,1801,False
64284,NIFTY23NOV2622550CE,23NOV2026,1801,False
64285,NIFTY23NOV2622550PE,23NOV2026,1801,False
64286,NIFTY23NOV2622600CE,23NOV2026,1801,False
64287,NIFTY23NOV2622600PE,23NOV2026,1801,False
64291,NIFTY23NOV2622700CE,23NOV2026,1801,False
64337,NIFTY23NOV2623000PE,23NOV2026,1801,False
64347,NIFTY23NOV2623100CE,23NOV2026,1801,False
64356,NIFTY23NOV2623250PE,23NOV2026,1801,False
64359,NIFTY23NOV2623350CE,23NOV2026,1801,False
64372,NIFTY23NOV2623450PE,23NOV2026,1801,False
64373,NIFTY23NOV2623500CE,23NOV2026,1801,False
64384,NIFTY23NOV2623700PE,23NOV2026,1801,False
64389,NIFTY23NOV2623850CE,23NOV2026,1801,False
64408,NIFTY23NOV2624250PE,23NOV2026,1801,False
64456,NIFTY23NOV2625300CE,23NOV2026,1801,False
64459,NIFTY23NOV2625350PE,23NOV2026,1801,False
64478,NIFTY23NOV2625600PE,23NOV2026,1801,False
64480,NIFTY23NOV2625650PE,23NOV2026,1801,False
64492,NIFTY23NOV2625850PE,23NOV2026,1801,False
64496,NIFTY23NOV2625950PE,23NOV2026,1801,False
64497,NIFTY23NOV2626000CE,23NOV2026,1801,False
64498,NIFTY23NOV2626000PE,23NOV2026,1801,False
64502,NIFTY23NOV2626100PE,23NOV2026,1801,False
40661,NIFTY06OCT2621850CE,06OCT2026,1801,False
40662,NIFTY06OCT2621850PE,06OCT2026,1801,False
40672,NIFTY06OCT2622100PE,06OCT2026,1801,False
40677,NIFTY06OCT2622250CE,06OCT2026,1801,False
40697,NIFTY06OCT2622500CE,06OCT2026,1801,False
40743,NIFTY06OCT2623150CE,06OCT2026,1801,False
40745,NIFTY06OCT2623200CE,06OCT2026,1801,False
40753,NIFTY06OCT2623350CE,06OCT2026,1801,False
40759,NIFTY06OCT2623500CE,06OCT2026,1801,False
40770,NIFTY06OCT2623700PE,06OCT2026,1801,False
40862,NIFTY06OCT2624900PE,06OCT2026,1801,False
40864,NIFTY06OCT2624950PE,06OCT2026,1801,False
40877,NIFTY06OCT2625300CE,06OCT2026,1801,False
40891,NIFTY06OCT2625600PE,06OCT2026,1801,False
40903,NIFTY06OCT2625750PE,06OCT2026,1801,False
40904,NIFTY06OCT2625800CE,06OCT2026,1801,False
44562,NIFTY13OCT2621750CE,13OCT2026,1801,False
44564,NIFTY13OCT2621800CE,13OCT2026,1801,False
44565,NIFTY13OCT2621800PE,13OCT2026,1801,False
44566,NIFTY13OCT2621850CE,13OCT2026,1801,False
44568,NIFTY13OCT2621900CE,13OCT2026,1801,False
44569,NIFTY13OCT2621900PE,13OCT2026,1801,False
44601,NIFTY13OCT2622350PE,13OCT2026,1801,False
44602,NIFTY13OCT2622400CE,13OCT2026,1801,False
44645,NIFTY13OCT2623050PE,13OCT2026,1801,False
44646,NIFTY13OCT2623100CE,13OCT2026,1801,False
44653,NIFTY13OCT2623200PE,13OCT2026,1801,False
44655,NIFTY13OCT2623250PE,13OCT2026,1801,False
44657,NIFTY13OCT2623300PE,13OCT2026,1801,False
44668,NIFTY13OCT2623500CE,13OCT2026,1801,False
44681,NIFTY13OCT2623600PE,13OCT2026,1801,False
44691,NIFTY13OCT2623700PE,13OCT2026,1801,False
44697,NIFTY13OCT2623800PE,13OCT2026,1801,False
44698,NIFTY13OCT2623850CE,13OCT2026,1801,False
44715,NIFTY13OCT2624000PE,13OCT2026,1801,False
44745,NIFTY13OCT2624350PE,13OCT2026,1801,False
44746,NIFTY13OCT2624400CE,13OCT2026,1801,False
44760,NIFTY13OCT2624650CE,13OCT2026,1801,False
44761,NIFTY13OCT2624650PE,13OCT2026,1801,False
44783,NIFTY13OCT2625100PE,13OCT2026,1801,False
44792,NIFTY13OCT2625300CE,13OCT2026,1801,False
47135,NIFTY15SEP2621700PE,15SEP2026,1801,False
47145,NIFTY15SEP2621750CE,15SEP2026,1801,False
47148,NIFTY15SEP2621800PE,15SEP2026,1801,False
47165,NIFTY15SEP2621900PE,15SEP2026,1801,False
47225,NIFTY15SEP2622100PE,15SEP2026,1801,False
47251,NIFTY15SEP2622350CE,15SEP2026,1801,False
47259,NIFTY15SEP2622550CE,15SEP2026,1801,False
47263,NIFTY15SEP2622650CE,15SEP2026,1801,False
47273,NIFTY15SEP2622900CE,15SEP2026,1801,False
47278,NIFTY15SEP2623000PE,15SEP2026,1801,False
47286,NIFTY15SEP2623200PE,15SEP2026,1801,False
47289,NIFTY15SEP2623300CE,15SEP2026,1801,False
47301,NIFTY15SEP2623600CE,15SEP2026,1801,False
47330,NIFTY15SEP2624250PE,15SEP2026,1801,False
47352,NIFTY15SEP2624750PE,15SEP2026,1801,False
47358,NIFTY15SEP2624850PE,15SEP2026,1801,False
47363,NIFTY15SEP2625000CE,15SEP2026,1801,False
47372,NIFTY15SEP2625200PE,15SEP2026,1801,False
47373,NIFTY15SEP2625250CE,15SEP2026,1801,False
47386,NIFTY15SEP2625400PE,15SEP2026,1801,False
47395,NIFTY15SEP2625600CE,15SEP2026,1801,False
47413,NIFTY15SEP2625800CE,15SEP2026,1801,False
47436,NIFTY15SEP2626050PE,15SEP2026,1801,False
65923,NIFTY29SEP2630000CE,29SEP2026,1801,False
67785,NIFTY26DEC2825000PE,26DEC2028,1801,False
67794,NIFTY26DEC2830000CE,26DEC2028,1801,False
51294,NIFTY27OCT2621700CE,27OCT2026,1801,False
51309,NIFTY27OCT2622000PE,27OCT2026,1801,False
51329,NIFTY27OCT2622450PE,27OCT2026,1801,False
51341,NIFTY27OCT2622700PE,27OCT2026,1801,False
51353,NIFTY27OCT2623000PE,27OCT2026,1801,False
51362,NIFTY27OCT2623250CE,27OCT2026,1801,False
51367,NIFTY27OCT2623350PE,27OCT2026,1801,False
51368,NIFTY27OCT2623400CE,27OCT2026,1801,False
51374,NIFTY27OCT2623550CE,27OCT2026,1801,False
51384,NIFTY27OCT2623800CE,27OCT2026,1801,False
51391,NIFTY27OCT2623950PE,27OCT2026,1801,False
51426,NIFTY27OCT2624700CE,27OCT2026,1801,False
51436,NIFTY27OCT2624950CE,27OCT2026,1801,False
51439,NIFTY27OCT2624950PE,27OCT2026,1801,False
51452,NIFTY27OCT2625300CE,27OCT2026,1801,False
51455,NIFTY27OCT2625350PE,27OCT2026,1801,False
51468,NIFTY27OCT2625500CE,27OCT2026,1801,False
51504,NIFTY27OCT2626350CE,27OCT2026,1801,False
51511,NIFTY27OCT2626500PE,27OCT2026,1801,False
51518,NIFTY27OCT2626700CE,27OCT2026,1801,False
51534,NIFTY27OCT2627050CE,27OCT2026,1801,False
51537,NIFTY27OCT2627100PE,27OCT2026,1801,False
53595,NIFTY28DEC2715000PE,28DEC2027,1801,False
53604,NIFTY28DEC2718000PE,28DEC2027,1801,False
55281,NIFTY29SEP2616500PE,29SEP2026,1801,False
55291,NIFTY29SEP2631500PE,29SEP2026,1801,False
55329,NIFTY29DEC2625500PE,29DEC2026,1801,False
55330,NIFTY29DEC2628500CE,29DEC2026,1801,False
55378,NIFTY29JUN2728500CE,29JUN2027,1801,False
55380,NIFTY29JUN2731500CE,29JUN2027,1801,False
55381,NIFTY29JUN2731500PE,29JUN2027,1801,False
55427,NIFTY28DEC2725500PE,28DEC2027,1801,False
55472,NIFTY27JUN2822500CE,27JUN2028,1801,False
55479,NIFTY27JUN2828500PE,27JUN2028,1801,False
55518,NIFTY26DEC2819500CE,26DEC2028,1801,False
55520,NIFTY26DEC2822500CE,26DEC2028,1801,False
55523,NIFTY26DEC2825500PE,26DEC2028,1801,False
55559,NIFTY26JUN2919500PE,26JUN2029,1801,False
55600,NIFTY24DEC2919500CE,24DEC2029,1801,False
55601,NIFTY24DEC2919500PE,24DEC2029,1801,False
55609,NIFTY24DEC2931500PE,24DEC2029,1801,False
55640,NIFTY25JUN3016500CE,25JUN2030,1801,False
55703,NIFTY31DEC3021000PE,31DEC2030,1801,False
55759,NIFTY31DEC3027000PE,31DEC2030,1801,False
55762,NIFTY31DEC3030000CE,31DEC2030,1801,False
56720,NIFTY22SEP2621900PE,22SEP2026,1801,False
56728,NIFTY22SEP2622000PE,22SEP2026,1801,False
56825,NIFTY22SEP2622300CE,22SEP2026,1801,False
56877,NIFTY22SEP2622600CE,22SEP2026,1801,False
56977,NIFTY22SEP2623100PE,22SEP2026,1801,False
56983,NIFTY22SEP2623250CE,22SEP2026,1801,False
56995,NIFTY22SEP2623350CE,22SEP2026,1801,False
57064,NIFTY22SEP2623700PE,22SEP2026,1801,False
57087,NIFTY22SEP2623850PE,22SEP2026,1801,False
57126,NIFTY22SEP2623900PE,22SEP2026,1801,False
57388,NIFTY22SEP2624200PE,22SEP2026,1801,False
57519,NIFTY22SEP2624400CE,22SEP2026,1801,False
57712,NIFTY22SEP2624700CE,22SEP2026,1801,False
57856,NIFTY22SEP2625150CE,22SEP2026,1801,False
57886,NIFTY22SEP2625300CE,22SEP2026,1801,False
57916,NIFTY22SEP2625450CE,22SEP2026,1801,False
58011,NIFTY22SEP2625800PE,22SEP2026,1801,False
58012,NIFTY22SEP2625850CE,22SEP2026,1801,False
58031,NIFTY22SEP2626000PE,22SEP2026,1801,False
58631,NIFTY29DEC2613000PE,29DEC2026,1801,False
58637,NIFTY29DEC2616000PE,29DEC2026,1801,False
58639,NIFTY29DEC2617000PE,29DEC2026,1801,False
61794,NIFTY24DEC2927000CE,24DEC2029,1801,False
61795,NIFTY24DEC2927000PE,24DEC2029,1801,False
61933,NIFTY24DEC2930000PE,24DEC2029,1801,False
64227,NIFTY23NOV2621800CE,23NOV2026,1801,False
64268,NIFTY23NOV2622300CE,23NOV2026,1801,False
64271,NIFTY23NOV2622350PE,23NOV2026,1801,False
64275,NIFTY23NOV2622400PE,23NOV2026,1801,False
64295,NIFTY23NOV2622750PE,23NOV2026,1801,False
64376,NIFTY23NOV2623550PE,23NOV2026,1801,False
64379,NIFTY23NOV2623650CE,23NOV2026,1801,False
64380,NIFTY23NOV2623650PE,23NOV2026,1801,False
64387,NIFTY23NOV2623800CE,23NOV2026,1801,False
64391,NIFTY23NOV2623900CE,23NOV2026,1801,False
64417,NIFTY23NOV2624500CE,23NOV2026,1801,False
64426,NIFTY23NOV2624700PE,23NOV2026,1801,False
64427,NIFTY23NOV2624750CE,23NOV2026,1801,False
64436,NIFTY23NOV2624900PE,23NOV2026,1801,False
64450,NIFTY23NOV2625150PE,23NOV2026,1801,False
64469,NIFTY23NOV2625400PE,23NOV2026,1801,False
64471,NIFTY23NOV2625450PE,23NOV2026,1801,False
64477,NIFTY23NOV2625600CE,23NOV2026,1801,False
64488,NIFTY23NOV2625750PE,23NOV2026,1801,False
67770,NIFTY26DEC2818000CE,26DEC2028,1801,False
35262,NIFTY29JUN2730000CE,29JUN2027,1801,False
35346,NIFTY28DEC2730000CE,28DEC2027,1801,False
35353,NIFTY27JUN2830000PE,27JUN2028,1801,False
40657,NIFTY06OCT2621750CE,06OCT2026,1801,False
40664,NIFTY06OCT2621900PE,06OCT2026,1801,False
40674,NIFTY06OCT2622150PE,06OCT2026,1801,False
40679,NIFTY06OCT2622300CE,06OCT2026,1801,False
40681,NIFTY06OCT2622300PE,06OCT2026,1801,False
40710,NIFTY06OCT2622700CE,06OCT2026,1801,False
40714,NIFTY06OCT2622750PE,06OCT2026,1801,False
40754,NIFTY06OCT2623350PE,06OCT2026,1801,False
40786,NIFTY06OCT2623850CE,06OCT2026,1801,False
40803,NIFTY06OCT2624100CE,06OCT2026,1801,False
40812,NIFTY06OCT2624200PE,06OCT2026,1801,False
40817,NIFTY06OCT2624300CE,06OCT2026,1801,False
40846,NIFTY06OCT2624750CE,06OCT2026,1801,False
40851,NIFTY06OCT2624750PE,06OCT2026,1801,False
40865,NIFTY06OCT2625000CE,06OCT2026,1801,False
40872,NIFTY06OCT2625150PE,06OCT2026,1801,False
40874,NIFTY06OCT2625200PE,06OCT2026,1801,False
40878,NIFTY06OCT2625300PE,06OCT2026,1801,False
44583,NIFTY13OCT2622050PE,13OCT2026,1801,False
44586,NIFTY13OCT2622150CE,13OCT2026,1801,False
44592,NIFTY13OCT2622200CE,13OCT2026,1801,False
44596,NIFTY13OCT2622250CE,13OCT2026,1801,False
44599,NIFTY13OCT2622300PE,13OCT2026,1801,False
44608,NIFTY13OCT2622450CE,13OCT2026,1801,False
44613,NIFTY13OCT2622500PE,13OCT2026,1801,False
44619,NIFTY13OCT2622650PE,13OCT2026,1801,False
44625,NIFTY13OCT2622800PE,13OCT2026,1801,False
44649,NIFTY13OCT2623150PE,13OCT2026,1801,False
44683,NIFTY13OCT2623650PE,13OCT2026,1801,False
44711,NIFTY13OCT2623950PE,13OCT2026,1801,False
44722,NIFTY13OCT2624150CE,13OCT2026,1801,False
44730,NIFTY13OCT2624250CE,13OCT2026,1801,False
44748,NIFTY13OCT2624450CE,13OCT2026,1801,False
44756,NIFTY13OCT2624550CE,13OCT2026,1801,False
44777,NIFTY13OCT2624950PE,13OCT2026,1801,False
44778,NIFTY13OCT2625000CE,13OCT2026,1801,False
47190,NIFTY29DEC2633000CE,29DEC2026,1801,False
47215,NIFTY15SEP2622000CE,15SEP2026,1801,False
47237,NIFTY15SEP2622200PE,15SEP2026,1801,False
47244,NIFTY15SEP2622300CE,15SEP2026,1801,False
47254,NIFTY15SEP2622400PE,15SEP2026,1801,False
47265,NIFTY15SEP2622700CE,15SEP2026,1801,False
47267,NIFTY15SEP2622750CE,15SEP2026,1801,False
47269,NIFTY15SEP2622800CE,15SEP2026,1801,False
47311,NIFTY15SEP2623850CE,15SEP2026,1801,False
47317,NIFTY15SEP2623950CE,15SEP2026,1801,False
47325,NIFTY15SEP2624150CE,15SEP2026,1801,False
47326,NIFTY15SEP2624150PE,15SEP2026,1801,False
47360,NIFTY15SEP2624900PE,15SEP2026,1801,False
47361,NIFTY15SEP2624950CE,15SEP2026,1801,False
47362,NIFTY15SEP2624950PE,15SEP2026,1801,False
47378,NIFTY15SEP2625250PE,15SEP2026,1801,False
47406,NIFTY15SEP2625700PE,15SEP2026,1801,False
47415,NIFTY15SEP2625850CE,15SEP2026,1801,False
73831,NIFTY29SEP2621650CE,29SEP2026,1801,False
73879,NIFTY29SEP2622350CE,29SEP2026,1801,False
73893,NIFTY29SEP2622750CE,29SEP2026,1801,False
73903,NIFTY29SEP2623000CE,29SEP2026,1801,False
73909,NIFTY29SEP2623150PE,29SEP2026,1801,False
73925,NIFTY29SEP2623350CE,29SEP2026,1801,False
73982,NIFTY29SEP2623450PE,29SEP2026,1801,False
74005,NIFTY29SEP2623650CE,29SEP2026,1801,False
74009,NIFTY29SEP2623700PE,29SEP2026,1801,False
74010,NIFTY29SEP2623750CE,29SEP2026,1801,False
74058,NIFTY29SEP2623950CE,29SEP2026,1801,False
74060,NIFTY29SEP2624050CE,29SEP2026,1801,False
74066,NIFTY29SEP2624150CE,29SEP2026,1801,False
74350,NIFTY29SEP2624600PE,29SEP2026,1801,False
74357,NIFTY29SEP2624800CE,29SEP2026,1801,False
74367,NIFTY29SEP2625050PE,29SEP2026,1801,False
74368,NIFTY29SEP2625100CE,29SEP2026,1801,False
74391,NIFTY29SEP2625400CE,29SEP2026,1801,False
74422,NIFTY29SEP2625850CE,29SEP2026,1801,False
74432,NIFTY29SEP2625950CE,29SEP2026,1801,False
74466,NIFTY29SEP2626200PE,29SEP2026,1801,False
74468,NIFTY29SEP2626250PE,29SEP2026,1801,False
74476,NIFTY29SEP2626350PE,29SEP2026,1801,False
74490,NIFTY29SEP2626700PE,29SEP2026,1801,False
74496,NIFTY29SEP2626850PE,29SEP2026,1801,False
74497,NIFTY29SEP2626900CE,29SEP2026,1801,False
74503,NIFTY29SEP2627100CE,29SEP2026,1801,False
74638,NIFTY24JUN3116500CE,24JUN2031,1801,False
74653,NIFTY24JUN3127000CE,24JUN2031,1801,False
74661,NIFTY24JUN3131500CE,24JUN2031,1801,False
50547,NIFTY29DEC2628000CE,29DEC2026,1801,False
50978,NIFTY29DEC2627000CE,29DEC2026,1801,False
50984,NIFTY29JUN2727000PE,29JUN2027,1801,False
51297,NIFTY27OCT2621750PE,27OCT2026,1801,False
51314,NIFTY27OCT2622150CE,27OCT2026,1801,False
51320,NIFTY27OCT2622300CE,27OCT2026,1801,False
51327,NIFTY27OCT2622400PE,27OCT2026,1801,False
51364,NIFTY27OCT2623300CE,27OCT2026,1801,False
51382,NIFTY27OCT2623750CE,27OCT2026,1801,False
51401,NIFTY27OCT2624150PE,27OCT2026,1801,False
51434,NIFTY27OCT2624900CE,27OCT2026,1801,False
51435,NIFTY27OCT2624900PE,27OCT2026,1801,False
51445,NIFTY27OCT2625100PE,27OCT2026,1801,False
51448,NIFTY27OCT2625200CE,27OCT2026,1801,False
51453,NIFTY27OCT2625300PE,27OCT2026,1801,False
51456,NIFTY27OCT2625400CE,27OCT2026,1801,False
51493,NIFTY27OCT2626050PE,27OCT2026,1801,False
51507,NIFTY27OCT2626400PE,27OCT2026,1801,False
51524,NIFTY27OCT2626850CE,27OCT2026,1801,False
53617,NIFTY28DEC2722000PE,28DEC2027,1801,False
53626,NIFTY28DEC2725000CE,28DEC2027,1801,False
53627,NIFTY28DEC2725000PE,28DEC2027,1801,False
53628,NIFTY28DEC2726000CE,28DEC2027,1801,False
80269,NIFTY30MAR2721000PE,30MAR2027,1801,False
80276,NIFTY30MAR2727000CE,30MAR2027,1801,False
80307,NIFTY30MAR2730000CE,30MAR2027,1801,False
55285,NIFTY29SEP2622500PE,29SEP2026,1801,False
55323,NIFTY29DEC2616500PE,29DEC2026,1801,False
55324,NIFTY29DEC2619500CE,29DEC2026,1801,False
55326,NIFTY29DEC2622500CE,29DEC2026,1801,False
55368,NIFTY29JUN2716500CE,29JUN2027,1801,False
86152,NIFTY27JUN2824000PE,27JUN2028,1801,False
40659,NIFTY06OCT2621800CE,06OCT2026,1801,False
40700,NIFTY06OCT2622550PE,06OCT2026,1801,False
40701,NIFTY06OCT2622600CE,06OCT2026,1801,False
40703,NIFTY06OCT2622600PE,06OCT2026,1801,False
40744,NIFTY06OCT2623150PE,06OCT2026,1801,False
40760,NIFTY06OCT2623500PE,06OCT2026,1801,False
40763,NIFTY06OCT2623550CE,06OCT2026,1801,False
40765,NIFTY06OCT2623600CE,06OCT2026,1801,False
40788,NIFTY06OCT2623850PE,06OCT2026,1801,False
40789,NIFTY06OCT2623900CE,06OCT2026,1801,False
40804,NIFTY06OCT2624100PE,06OCT2026,1801,False
40809,NIFTY06OCT2624150CE,06OCT2026,1801,False
40822,NIFTY06OCT2624400PE,06OCT2026,1801,False
40823,NIFTY06OCT2624450CE,06OCT2026,1801,False
40825,NIFTY06OCT2624500CE,06OCT2026,1801,False
40826,NIFTY06OCT2624500PE,06OCT2026,1801,False
40828,NIFTY06OCT2624550PE,06OCT2026,1801,False
40844,NIFTY06OCT2624700CE,06OCT2026,1801,False
40852,NIFTY06OCT2624800CE,06OCT2026,1801,False
40857,NIFTY06OCT2624800PE,06OCT2026,1801,False
40863,NIFTY06OCT2624950CE,06OCT2026,1801,False
40883,NIFTY06OCT2625450CE,06OCT2026,1801,False
40890,NIFTY06OCT2625600CE,06OCT2026,1801,False
40892,NIFTY06OCT2625650CE,06OCT2026,1801,False
40915,NIFTY06OCT2625800PE,06OCT2026,1801,False
42136,NIFTY29DEC2631000CE,29DEC2026,1801,False
44582,NIFTY13OCT2622050CE,13OCT2026,1801,False
44585,NIFTY13OCT2622100PE,13OCT2026,1801,False
44621,NIFTY13OCT2622700PE,13OCT2026,1801,False
44611,NIFTY13OCT2622450PE,13OCT2026,1801,False
44614,NIFTY13OCT2622550CE,13OCT2026,1801,False
44630,NIFTY13OCT2622950CE,13OCT2026,1801,False
44632,NIFTY13OCT2623000CE,13OCT2026,1801,False
44636,NIFTY13OCT2623050CE,13OCT2026,1801,False
44647,NIFTY13OCT2623100PE,13OCT2026,1801,False
44654,NIFTY13OCT2623250CE,13OCT2026,1801,False
44660,NIFTY13OCT2623400CE,13OCT2026,1801,False
44755,NIFTY13OCT2624500PE,13OCT2026,1801,False
44763,NIFTY13OCT2624700PE,13OCT2026,1801,False
44779,NIFTY13OCT2625000PE,13OCT2026,1801,False
47195,NIFTY28DEC2733000PE,28DEC2027,1801,False
47196,NIFTY27JUN2833000CE,27JUN2028,1801,False
47198,NIFTY26DEC2833000CE,26DEC2028,1801,False
47223,NIFTY15SEP2622050PE,15SEP2026,1801,False
47240,NIFTY15SEP2622250CE,15SEP2026,1801,False
47250,NIFTY15SEP2622300PE,15SEP2026,1801,False
47255,NIFTY15SEP2622450CE,15SEP2026,1801,False
47262,NIFTY15SEP2622600PE,15SEP2026,1801,False
47281,NIFTY15SEP2623100CE,15SEP2026,1801,False
47299,NIFTY15SEP2623550CE,15SEP2026,1801,False
47324,NIFTY15SEP2624100PE,15SEP2026,1801,False
47336,NIFTY15SEP2624400PE,15SEP2026,1801,False
47337,NIFTY15SEP2624450CE,15SEP2026,1801,False
47414,NIFTY15SEP2625800PE,15SEP2026,1801,False
47421,NIFTY15SEP2625900CE,15SEP2026,1801,False
47422,NIFTY15SEP2625900PE,15SEP2026,1801,False
47432,NIFTY15SEP2626000PE,15SEP2026,1801,False
47442,NIFTY15SEP2626200PE,15SEP2026,1801,False
50979,NIFTY29DEC2627000PE,29DEC2026,1801,False
51325,NIFTY27OCT2622350PE,27OCT2026,1801,False
51342,NIFTY27OCT2622750CE,27OCT2026,1801,False
51344,NIFTY27OCT2622800CE,27OCT2026,1801,False
51348,NIFTY27OCT2622900CE,27OCT2026,1801,False
51349,NIFTY27OCT2622900PE,27OCT2026,1801,False
51365,NIFTY27OCT2623300PE,27OCT2026,1801,False
51378,NIFTY27OCT2623650CE,27OCT2026,1801,False
51388,NIFTY27OCT2623900CE,27OCT2026,1801,False
51392,NIFTY27OCT2624000CE,27OCT2026,1801,False
51398,NIFTY27OCT2624100CE,27OCT2026,1801,False
51402,NIFTY27OCT2624200CE,27OCT2026,1801,False
51420,NIFTY27OCT2624550CE,27OCT2026,1801,False
51421,NIFTY27OCT2624550PE,27OCT2026,1801,False
51447,NIFTY27OCT2625150PE,27OCT2026,1801,False
51457,NIFTY27OCT2625400PE,27OCT2026,1801,False
51497,NIFTY27OCT2626150PE,27OCT2026,1801,False
51508,NIFTY27OCT2626450CE,27OCT2026,1801,False
51509,NIFTY27OCT2626450PE,27OCT2026,1801,False
51519,NIFTY27OCT2626700PE,27OCT2026,1801,False
51505,NIFTY27OCT2626350PE,27OCT2026,1801,False
53606,NIFTY28DEC2719000PE,28DEC2027,1801,False
55293,NIFTY29SEP2634500PE,29SEP2026,1801,False
55375,NIFTY29JUN2722500PE,29JUN2027,1801,False
55429,NIFTY28DEC2728500PE,28DEC2027,1801,False
55477,NIFTY27JUN2825500PE,27JUN2028,1801,False
55525,NIFTY26DEC2828500PE,26DEC2028,1801,False
55606,NIFTY24DEC2928500CE,24DEC2029,1801,False
55757,NIFTY31DEC3025500PE,31DEC2030,1801,False
55767,NIFTY31DEC3033000PE,31DEC2030,1801,False
56824,NIFTY22SEP2622250PE,22SEP2026,1801,False
56827,NIFTY22SEP2622350CE,22SEP2026,1801,False
56938,NIFTY22SEP2622900PE,22SEP2026,1801,False
56957,NIFTY22SEP2623050CE,22SEP2026,1801,False
56979,NIFTY22SEP2623150PE,22SEP2026,1801,False
56980,NIFTY22SEP2623200CE,22SEP2026,1801,False
55371,NIFTY29JUN2716500PE,29JUN2027,1801,False
57022,NIFTY22SEP2623500PE,22SEP2026,1801,False
55428,NIFTY28DEC2728500CE,28DEC2027,1801,False
55373,NIFTY29JUN2719500PE,29JUN2027,1801,False
55374,NIFTY29JUN2722500CE,29JUN2027,1801,False
55426,NIFTY28DEC2725500CE,28DEC2027,1801,False
55431,NIFTY28DEC2731500PE,28DEC2027,1801,False
55524,NIFTY26DEC2828500CE,26DEC2028,1801,False
55526,NIFTY26DEC2831500CE,26DEC2028,1801,False
71503,NIFTY29DEC2625000CE,29DEC2026,1801,False
71560,NIFTY29JUN2724000CE,29JUN2027,1801,False
55558,NIFTY26JUN2919500CE,26JUN2029,1801,False
55561,NIFTY26JUN2922500PE,26JUN2029,1801,False
55567,NIFTY26JUN2931500PE,26JUN2029,1801,False
55642,NIFTY25JUN3019500CE,25JUN2030,1801,False
55644,NIFTY25JUN3022500CE,25JUN2030,1801,False
55756,NIFTY31DEC3025500CE,31DEC2030,1801,False
56697,NIFTY22SEP2621750CE,22SEP2026,1801,False
56702,NIFTY22SEP2621800PE,22SEP2026,1801,False
56779,NIFTY22SEP2622100CE,22SEP2026,1801,False
56826,NIFTY22SEP2622300PE,22SEP2026,1801,False
56836,NIFTY22SEP2622350PE,22SEP2026,1801,False
56905,NIFTY22SEP2622700CE,22SEP2026,1801,False
56966,NIFTY22SEP2623050PE,22SEP2026,1801,False
56967,NIFTY22SEP2623100CE,22SEP2026,1801,False
57007,NIFTY22SEP2623500CE,22SEP2026,1801,False
57228,NIFTY22SEP2624050CE,22SEP2026,1801,False
57229,NIFTY22SEP2624050PE,22SEP2026,1801,False
73851,NIFTY29SEP2621750PE,29SEP2026,1801,False
73853,NIFTY29SEP2621800PE,29SEP2026,1801,False
57379,NIFTY22SEP2624150CE,22SEP2026,1801,False
57380,NIFTY22SEP2624150PE,22SEP2026,1801,False
73865,NIFTY29SEP2622000CE,29SEP2026,1801,False
73905,NIFTY29SEP2623050PE,29SEP2026,1801,False
73911,NIFTY29SEP2623200PE,29SEP2026,1801,False
73964,NIFTY29SEP2623450CE,29SEP2026,1801,False
57501,NIFTY22SEP2624350CE,22SEP2026,1801,False
57520,NIFTY22SEP2624400PE,22SEP2026,1801,False
74004,NIFTY29SEP2623600PE,29SEP2026,1801,False
74006,NIFTY29SEP2623650PE,29SEP2026,1801,False
74055,NIFTY29SEP2623850PE,29SEP2026,1801,False
74063,NIFTY29SEP2624050PE,29SEP2026,1801,False
74112,NIFTY29SEP2624350CE,29SEP2026,1801,False
57587,NIFTY22SEP2624450PE,22SEP2026,1801,False
74288,NIFTY29SEP2624550PE,29SEP2026,1801,False
74371,NIFTY29SEP2625150PE,29SEP2026,1801,False
74372,NIFTY29SEP2625200CE,29SEP2026,1801,False
74385,NIFTY29SEP2625250PE,29SEP2026,1801,False
74390,NIFTY29SEP2625350PE,29SEP2026,1801,False
57783,NIFTY22SEP2624900CE,22SEP2026,1801,False
57794,NIFTY22SEP2624950CE,22SEP2026,1801,False
74415,NIFTY29SEP2625650PE,29SEP2026,1801,False
74426,NIFTY29SEP2625900CE,29SEP2026,1801,False
57829,NIFTY22SEP2625050PE,22SEP2026,1801,False
74479,NIFTY29SEP2626450CE,29SEP2026,1801,False
74481,NIFTY29SEP2626500CE,29SEP2026,1801,False
74484,NIFTY29SEP2626550PE,29SEP2026,1801,False
74488,NIFTY29SEP2626650PE,29SEP2026,1801,False
74492,NIFTY29SEP2626750PE,29SEP2026,1801,False
74505,NIFTY29SEP2627150CE,29SEP2026,1801,False
58010,NIFTY22SEP2625800CE,22SEP2026,1801,False
58013,NIFTY22SEP2625850PE,22SEP2026,1801,False
74642,NIFTY24JUN3118000PE,24JUN2031,1801,False
74644,NIFTY24JUN3119500PE,24JUN2031,1801,False
74648,NIFTY24JUN3122500PE,24JUN2031,1801,False
58015,NIFTY22SEP2625900PE,22SEP2026,1801,False
58629,NIFTY29DEC2612000PE,29DEC2026,1801,False
58646,NIFTY29DEC2621000CE,29DEC2026,1801,False
64234,NIFTY23NOV2621900CE,23NOV2026,1801,False
64266,NIFTY23NOV2622250CE,23NOV2026,1801,False
64267,NIFTY23NOV2622250PE,23NOV2026,1801,False
64270,NIFTY23NOV2622350CE,23NOV2026,1801,False
64279,NIFTY23NOV2622500PE,23NOV2026,1801,False
64290,NIFTY23NOV2622650PE,23NOV2026,1801,False
64305,NIFTY23NOV2622800PE,23NOV2026,1801,False
64385,NIFTY23NOV2623750CE,23NOV2026,1801,False
64397,NIFTY23NOV2624000CE,23NOV2026,1801,False
64398,NIFTY23NOV2624000PE,23NOV2026,1801,False
64404,NIFTY23NOV2624150PE,23NOV2026,1801,False
64406,NIFTY23NOV2624200PE,23NOV2026,1801,False
64414,NIFTY23NOV2624400PE,23NOV2026,1801,False
64423,NIFTY23NOV2624650CE,23NOV2026,1801,False
64433,NIFTY23NOV2624850CE,23NOV2026,1801,False
64437,NIFTY23NOV2624950CE,23NOV2026,1801,False
64442,NIFTY23NOV2625050PE,23NOV2026,1801,False
64453,NIFTY23NOV2625250CE,23NOV2026,1801,False
64489,NIFTY23NOV2625800CE,23NOV2026,1801,False
80268,NIFTY30MAR2721000CE,30MAR2027,1801,False
80271,NIFTY30MAR2722500PE,30MAR2027,1801,False
80275,NIFTY30MAR2725500PE,30MAR2027,1801,False
80277,NIFTY30MAR2727000PE,30MAR2027,1801,False
65881,NIFTY29SEP2615000CE,29SEP2026,1801,False
67775,NIFTY26DEC2820000PE,26DEC2028,1801,False
67788,NIFTY26DEC2827000CE,26DEC2028,1801,False
57023,NIFTY22SEP2623550CE,22SEP2026,1801,False
57030,NIFTY22SEP2623550PE,22SEP2026,1801,False
57049,NIFTY22SEP2623600PE,22SEP2026,1801,False
57082,NIFTY22SEP2623750CE,22SEP2026,1801,False
57153,NIFTY22SEP2624000CE,22SEP2026,1801,False
57252,NIFTY22SEP2624100PE,22SEP2026,1801,False
57441,NIFTY22SEP2624300CE,22SEP2026,1801,False
57617,NIFTY22SEP2624500CE,22SEP2026,1801,False
57701,NIFTY22SEP2624650CE,22SEP2026,1801,False
57716,NIFTY22SEP2624750CE,22SEP2026,1801,False
57756,NIFTY22SEP2624850CE,22SEP2026,1801,False
57889,NIFTY22SEP2625300PE,22SEP2026,1801,False
57920,NIFTY22SEP2625500CE,22SEP2026,1801,False
57998,NIFTY22SEP2625750CE,22SEP2026,1801,False
58032,NIFTY22SEP2626050CE,22SEP2026,1801,False
58040,NIFTY22SEP2626100CE,22SEP2026,1801,False
58647,NIFTY29DEC2621000PE,29DEC2026,1801,False
60893,NIFTY25JUN3018000PE,25JUN2030,1801,False
60939,NIFTY25JUN3030000PE,25JUN2030,1801,False
61390,NIFTY24DEC2918000CE,24DEC2029,1801,False
61659,NIFTY24DEC2921000CE,24DEC2029,1801,False
61747,NIFTY24DEC2923000PE,24DEC2029,1801,False
61932,NIFTY24DEC2930000CE,24DEC2029,1801,False
64222,NIFTY23NOV2621750CE,23NOV2026,1801,False
64304,NIFTY23NOV2622800CE,23NOV2026,1801,False
64327,NIFTY23NOV2622950CE,23NOV2026,1801,False
64358,NIFTY23NOV2623300PE,23NOV2026,1801,False
64361,NIFTY23NOV2623400CE,23NOV2026,1801,False
64375,NIFTY23NOV2623550CE,23NOV2026,1801,False
64390,NIFTY23NOV2623850PE,23NOV2026,1801,False
64403,NIFTY23NOV2624150CE,23NOV2026,1801,False
64407,NIFTY23NOV2624250CE,23NOV2026,1801,False
64409,NIFTY23NOV2624300CE,23NOV2026,1801,False
64413,NIFTY23NOV2624400CE,23NOV2026,1801,False
64439,NIFTY23NOV2625000CE,23NOV2026,1801,False
64458,NIFTY23NOV2625350CE,23NOV2026,1801,False
64462,NIFTY23NOV2625400CE,23NOV2026,1801,False
64474,NIFTY23NOV2625500PE,23NOV2026,1801,False
64493,NIFTY23NOV2625900CE,23NOV2026,1801,False
64499,NIFTY23NOV2626050CE,23NOV2026,1801,False
64500,NIFTY23NOV2626050PE,23NOV2026,1801,False
65899,NIFTY29SEP2623000PE,29SEP2026,1801,False
65901,NIFTY29SEP2624000PE,29SEP2026,1801,False
65903,NIFTY29SEP2625000PE,29SEP2026,1801,False
89612,NIFTY26JUN2918000CE,26JUN2029,1801,False
89624,NIFTY26JUN2921000CE,26JUN2029,1801,False
89643,NIFTY26JUN2930000PE,26JUN2029,1801,False
67777,NIFTY26DEC2821000PE,26DEC2028,1801,False
67787,NIFTY26DEC2826000PE,26DEC2028,1801,False
71505,NIFTY29DEC2626000CE,29DEC2026,1801,False
71506,NIFTY29DEC2626000PE,29DEC2026,1801,False
73849,NIFTY29SEP2621750CE,29SEP2026,1801,False
73859,NIFTY29SEP2621950CE,29SEP2026,1801,False
73874,NIFTY29SEP2622200PE,29SEP2026,1801,False
73897,NIFTY29SEP2622850CE,29SEP2026,1801,False
73908,NIFTY29SEP2623150CE,29SEP2026,1801,False
73910,NIFTY29SEP2623200CE,29SEP2026,1801,False
73924,NIFTY29SEP2623300PE,29SEP2026,1801,False
73994,NIFTY29SEP2623500PE,29SEP2026,1801,False
74116,NIFTY29SEP2624450CE,29SEP2026,1801,False
74241,NIFTY29SEP2624500CE,29SEP2026,1801,False
74354,NIFTY29SEP2624700PE,29SEP2026,1801,False
74359,NIFTY29SEP2624850CE,29SEP2026,1801,False
74384,NIFTY29SEP2625250CE,29SEP2026,1801,False
74413,NIFTY29SEP2625600PE,29SEP2026,1801,False
74442,NIFTY29SEP2626100CE,29SEP2026,1801,False
74482,NIFTY29SEP2626500PE,29SEP2026,1801,False
74491,NIFTY29SEP2626750CE,29SEP2026,1801,False
74495,NIFTY29SEP2626850CE,29SEP2026,1801,False
74504,NIFTY29SEP2627100PE,29SEP2026,1801,False
74641,NIFTY24JUN3118000CE,24JUN2031,1801,False
74645,NIFTY24JUN3121000CE,24JUN2031,1801,False
74647,NIFTY24JUN3122500CE,24JUN2031,1801,False
74664,NIFTY24JUN3131500PE,24JUN2031,1801,False
80192,NIFTY30MAR2718000CE,30MAR2027,1801,False
80310,NIFTY30MAR2730000PE,30MAR2027,1801,False
86151,NIFTY27JUN2824000CE,27JUN2028,1801,False
71501,NIFTY29DEC2624000CE,29DEC2026,1801,False
73833,NIFTY29SEP2621700CE,29SEP2026,1801,False
73876,NIFTY29SEP2622250PE,29SEP2026,1801,False
73877,NIFTY29SEP2622300CE,29SEP2026,1801,False
73882,NIFTY29SEP2622400PE,29SEP2026,1801,False
73883,NIFTY29SEP2622450CE,29SEP2026,1801,False
73887,NIFTY29SEP2622600CE,29SEP2026,1801,False
73891,NIFTY29SEP2622700CE,29SEP2026,1801,False
73900,NIFTY29SEP2622900PE,29SEP2026,1801,False
73904,NIFTY29SEP2623050CE,29SEP2026,1801,False
74003,NIFTY29SEP2623600CE,29SEP2026,1801,False
74045,NIFTY29SEP2623800CE,29SEP2026,1801,False
74048,NIFTY29SEP2623850CE,29SEP2026,1801,False
74056,NIFTY29SEP2623900CE,29SEP2026,1801,False
74064,NIFTY29SEP2624100CE,29SEP2026,1801,False
74098,NIFTY29SEP2624250PE,29SEP2026,1801,False
74289,NIFTY29SEP2624600CE,29SEP2026,1801,False
74355,NIFTY29SEP2624750CE,29SEP2026,1801,False
74397,NIFTY29SEP2625550CE,29SEP2026,1801,False
74417,NIFTY29SEP2625700PE,29SEP2026,1801,False
74420,NIFTY29SEP2625800CE,29SEP2026,1801,False
74433,NIFTY29SEP2625950PE,29SEP2026,1801,False
74439,NIFTY29SEP2626050PE,29SEP2026,1801,False
74463,NIFTY29SEP2626150CE,29SEP2026,1801,False
74483,NIFTY29SEP2626550CE,29SEP2026,1801,False
74494,NIFTY29SEP2626800PE,29SEP2026,1801,False
74639,NIFTY24JUN3116500PE,24JUN2031,1801,False
74652,NIFTY24JUN3125500PE,24JUN2031,1801,False
74655,NIFTY24JUN3128500CE,24JUN2031,1801,False
80189,NIFTY30MAR2715000PE,30MAR2027,1801,False
89613,NIFTY26JUN2918000PE,26JUN2029,1801,False
89631,NIFTY26JUN2924000PE,26JUN2029,1801,False
89636,NIFTY26JUN2927000CE,26JUN2029,1801,False
89637,NIFTY26JUN2927000PE,26JUN2029,1801,False
89642,NIFTY26JUN2930000CE,26JUN2029,1801,False
89648,NIFTY26JUN2933000CE,26JUN2029,1801,False
86146,NIFTY27JUN2821000PE,27JUN2028,1801,False
89649,NIFTY26JUN2933000PE,26JUN2029,1801,False
35237,NIFTY29DEC2630000PE,29DEC2026,1801,False
40658,NIFTY06OCT2621750PE,06OCT2026,1801,False
40669,NIFTY06OCT2622050CE,06OCT2026,1801,False
40670,NIFTY06OCT2622050PE,06OCT2026,1801,False
40682,NIFTY06OCT2622350CE,06OCT2026,1801,False
40696,NIFTY06OCT2622450PE,06OCT2026,1801,False
40699,NIFTY06OCT2622550CE,06OCT2026,1801,False
40717,NIFTY06OCT2622850CE,06OCT2026,1801,False
40721,NIFTY06OCT2622900CE,06OCT2026,1801,False
40749,NIFTY06OCT2623250CE,06OCT2026,1801,False
40750,NIFTY06OCT2623250PE,06OCT2026,1801,False
40768,NIFTY06OCT2623650PE,06OCT2026,1801,False
40779,NIFTY06OCT2623750CE,06OCT2026,1801,False
40801,NIFTY06OCT2624050CE,06OCT2026,1801,False
40810,NIFTY06OCT2624150PE,06OCT2026,1801,False
40813,NIFTY06OCT2624250CE,06OCT2026,1801,False
40818,NIFTY06OCT2624300PE,06OCT2026,1801,False
40820,NIFTY06OCT2624350PE,06OCT2026,1801,False
40835,NIFTY06OCT2624650CE,06OCT2026,1801,False
40866,NIFTY06OCT2625000PE,06OCT2026,1801,False
40881,NIFTY06OCT2625400CE,06OCT2026,1801,False
44628,NIFTY13OCT2622900CE,13OCT2026,1801,False
44626,NIFTY13OCT2622850CE,13OCT2026,1801,False
44662,NIFTY13OCT2623450CE,13OCT2026,1801,False
44667,NIFTY13OCT2623450PE,13OCT2026,1801,False
44672,NIFTY13OCT2623600CE,13OCT2026,1801,False
44699,NIFTY13OCT2623850PE,13OCT2026,1801,False
44700,NIFTY13OCT2623900CE,13OCT2026,1801,False
44719,NIFTY13OCT2624050PE,13OCT2026,1801,False
44732,NIFTY13OCT2624300CE,13OCT2026,1801,False
44740,NIFTY13OCT2624350CE,13OCT2026,1801,False
44747,NIFTY13OCT2624400PE,13OCT2026,1801,False
44789,NIFTY13OCT2625200PE,13OCT2026,1801,False
44790,NIFTY13OCT2625250CE,13OCT2026,1801,False
44799,NIFTY13OCT2625400PE,13OCT2026,1801,False
47147,NIFTY15SEP2621800CE,15SEP2026,1801,False
47201,NIFTY15SEP2621950CE,15SEP2026,1801,False
47216,NIFTY15SEP2622000PE,15SEP2026,1801,False
47230,NIFTY15SEP2622200CE,15SEP2026,1801,False
47261,NIFTY15SEP2622600CE,15SEP2026,1801,False
47280,NIFTY15SEP2623050PE,15SEP2026,1801,False
47303,NIFTY15SEP2623650CE,15SEP2026,1801,False
47333,NIFTY15SEP2624350CE,15SEP2026,1801,False
47341,NIFTY15SEP2624550CE,15SEP2026,1801,False
47351,NIFTY15SEP2624750CE,15SEP2026,1801,False
47368,NIFTY15SEP2625100PE,15SEP2026,1801,False
47369,NIFTY15SEP2625150CE,15SEP2026,1801,False
47404,NIFTY15SEP2625650PE,15SEP2026,1801,False
47412,NIFTY15SEP2625750PE,15SEP2026,1801,False
47429,NIFTY15SEP2626000CE,15SEP2026,1801,False
50548,NIFTY29DEC2628000PE,29DEC2026,1801,False
51296,NIFTY27OCT2621750CE,27OCT2026,1801,False
51298,NIFTY27OCT2621800CE,27OCT2026,1801,False
51315,NIFTY27OCT2622150PE,27OCT2026,1801,False
51319,NIFTY27OCT2622250PE,27OCT2026,1801,False
51333,NIFTY27OCT2622550PE,27OCT2026,1801,False
51337,NIFTY27OCT2622600PE,27OCT2026,1801,False
51339,NIFTY27OCT2622650PE,27OCT2026,1801,False
51357,NIFTY27OCT2623100PE,27OCT2026,1801,False
51366,NIFTY27OCT2623350CE,27OCT2026,1801,False
51377,NIFTY27OCT2623600PE,27OCT2026,1801,False
51380,NIFTY27OCT2623700CE,27OCT2026,1801,False
51386,NIFTY27OCT2623850CE,27OCT2026,1801,False
51397,NIFTY27OCT2624050PE,27OCT2026,1801,False
51399,NIFTY27OCT2624100PE,27OCT2026,1801,False
51405,NIFTY27OCT2624250PE,27OCT2026,1801,False
51419,NIFTY27OCT2624500PE,27OCT2026,1801,False
51409,NIFTY27OCT2624350PE,27OCT2026,1801,False
51425,NIFTY27OCT2624650PE,27OCT2026,1801,False
51427,NIFTY27OCT2624700PE,27OCT2026,1801,False
51428,NIFTY27OCT2624750CE,27OCT2026,1801,False
51429,NIFTY27OCT2624750PE,27OCT2026,1801,False
51431,NIFTY27OCT2624800PE,27OCT2026,1801,False
51444,NIFTY27OCT2625100CE,27OCT2026,1801,False
51446,NIFTY27OCT2625150CE,27OCT2026,1801,False
51470,NIFTY27OCT2625550CE,27OCT2026,1801,False
51471,NIFTY27OCT2625550PE,27OCT2026,1801,False
51473,NIFTY27OCT2625600PE,27OCT2026,1801,False
51479,NIFTY27OCT2625700PE,27OCT2026,1801,False
51489,NIFTY27OCT2625950PE,27OCT2026,1801,False
51490,NIFTY27OCT2626000CE,27OCT2026,1801,False
51491,NIFTY27OCT2626000PE,27OCT2026,1801,False
51501,NIFTY27OCT2626250PE,27OCT2026,1801,False
51500,NIFTY27OCT2626250CE,27OCT2026,1801,False
51510,NIFTY27OCT2626500CE,27OCT2026,1801,False
51516,NIFTY27OCT2626650CE,27OCT2026,1801,False
51538,NIFTY27OCT2627150CE,27OCT2026,1801,False
51525,NIFTY27OCT2626850PE,27OCT2026,1801,False
51539,NIFTY27OCT2627150PE,27OCT2026,1801,False
53631,NIFTY28DEC2727000CE,28DEC2027,1801,False
55283,NIFTY29SEP2619500PE,29SEP2026,1801,False
55284,NIFTY29SEP2622500CE,29SEP2026,1801,False
55286,NIFTY29SEP2625500CE,29SEP2026,1801,False
55289,NIFTY29SEP2628500PE,29SEP2026,1801,False
55376,NIFTY29JUN2725500CE,29JUN2027,1801,False
55421,NIFTY28DEC2716500PE,28DEC2027,1801,False
55470,NIFTY27JUN2819500CE,27JUN2028,1801,False
55599,NIFTY24DEC2916500PE,24DEC2029,1801,False
55607,NIFTY24DEC2928500PE,24DEC2029,1801,False
55698,NIFTY31DEC3018000CE,31DEC2030,1801,False
55702,NIFTY31DEC3021000CE,31DEC2030,1801,False
56696,NIFTY22SEP2621700PE,22SEP2026,1801,False
56700,NIFTY22SEP2621750PE,22SEP2026,1801,False
56820,NIFTY22SEP2622150PE,22SEP2026,1801,False
56822,NIFTY22SEP2622200PE,22SEP2026,1801,False
56875,NIFTY22SEP2622550CE,22SEP2026,1801,False
56934,NIFTY22SEP2622800PE,22SEP2026,1801,False
56935,NIFTY22SEP2622850CE,22SEP2026,1801,False
56937,NIFTY22SEP2622900CE,22SEP2026,1801,False
56949,NIFTY22SEP2623000CE,22SEP2026,1801,False
57003,NIFTY22SEP2623450CE,22SEP2026,1801,False
57031,NIFTY22SEP2623600CE,22SEP2026,1801,False
57063,NIFTY22SEP2623700CE,22SEP2026,1801,False
57387,NIFTY22SEP2624200CE,22SEP2026,1801,False
57428,NIFTY22SEP2624250PE,22SEP2026,1801,False
57502,NIFTY22SEP2624350PE,22SEP2026,1801,False
57639,NIFTY22SEP2624550PE,22SEP2026,1801,False
57680,NIFTY22SEP2624600PE,22SEP2026,1801,False
57757,NIFTY22SEP2624850PE,22SEP2026,1801,False
57796,NIFTY22SEP2625000CE,22SEP2026,1801,False
57921,NIFTY22SEP2625500PE,22SEP2026,1801,False
58041,NIFTY22SEP2626100PE,22SEP2026,1801,False
58642,NIFTY29DEC2619000CE,29DEC2026,1801,False
58644,NIFTY29DEC2620000CE,29DEC2026,1801,False
58649,NIFTY29DEC2622000PE,29DEC2026,1801,False
61660,NIFTY24DEC2921000PE,24DEC2029,1801,False
61779,NIFTY24DEC2926000PE,24DEC2029,1801,False
64220,NIFTY23NOV2621700CE,23NOV2026,1801,False
64243,NIFTY23NOV2622100PE,23NOV2026,1801,False
64274,NIFTY23NOV2622400CE,23NOV2026,1801,False
64278,NIFTY23NOV2622500CE,23NOV2026,1801,False
64326,NIFTY23NOV2622900PE,23NOV2026,1801,False
64346,NIFTY23NOV2623050PE,23NOV2026,1801,False
64351,NIFTY23NOV2623200CE,23NOV2026,1801,False
64353,NIFTY23NOV2623250CE,23NOV2026,1801,False
64362,NIFTY23NOV2623400PE,23NOV2026,1801,False
64378,NIFTY23NOV2623600PE,23NOV2026,1801,False
64392,NIFTY23NOV2623900PE,23NOV2026,1801,False
64420,NIFTY23NOV2624550PE,23NOV2026,1801,False
64429,NIFTY23NOV2624800CE,23NOV2026,1801,False
64432,NIFTY23NOV2624800PE,23NOV2026,1801,False
64457,NIFTY23NOV2625300PE,23NOV2026,1801,False
64482,NIFTY23NOV2625700PE,23NOV2026,1801,False
64490,NIFTY23NOV2625800PE,23NOV2026,1801,False
64495,NIFTY23NOV2625950CE,23NOV2026,1801,False
65894,NIFTY29SEP2621000PE,29SEP2026,1801,False
65929,NIFTY29SEP2633000CE,29SEP2026,1801,False
35352,NIFTY27JUN2830000CE,27JUN2028,1801,False
37806,NIFTY29DEC2623000CE,29DEC2026,1801,False
38159,NIFTY29DEC2629000PE,29DEC2026,1801,False
40663,NIFTY06OCT2621900CE,06OCT2026,1801,False
40676,NIFTY06OCT2622200PE,06OCT2026,1801,False
40687,NIFTY06OCT2622400CE,06OCT2026,1801,False
40689,NIFTY06OCT2622450CE,06OCT2026,1801,False
40698,NIFTY06OCT2622500PE,06OCT2026,1801,False
40720,NIFTY06OCT2622850PE,06OCT2026,1801,False
40731,NIFTY06OCT2623000CE,06OCT2026,1801,False
40735,NIFTY06OCT2623050CE,06OCT2026,1801,False
40741,NIFTY06OCT2623100CE,06OCT2026,1801,False
40758,NIFTY06OCT2623450PE,06OCT2026,1801,False
40769,NIFTY06OCT2623700CE,06OCT2026,1801,False
40790,NIFTY06OCT2623900PE,06OCT2026,1801,False
40791,NIFTY06OCT2623950CE,06OCT2026,1801,False
40794,NIFTY06OCT2624000PE,06OCT2026,1801,False
40802,NIFTY06OCT2624050PE,06OCT2026,1801,False
40845,NIFTY06OCT2624700PE,06OCT2026,1801,False
40871,NIFTY06OCT2625150CE,06OCT2026,1801,False
40876,NIFTY06OCT2625250PE,06OCT2026,1801,False
40880,NIFTY06OCT2625350PE,06OCT2026,1801,False
40884,NIFTY06OCT2625450PE,06OCT2026,1801,False
40893,NIFTY06OCT2625650PE,06OCT2026,1801,False
44563,NIFTY13OCT2621750PE,13OCT2026,1801,False
44572,NIFTY13OCT2622000CE,13OCT2026,1801,False
44616,NIFTY13OCT2622600CE,13OCT2026,1801,False
44661,NIFTY13OCT2623400PE,13OCT2026,1801,False
44739,NIFTY13OCT2624300PE,13OCT2026,1801,False
44757,NIFTY13OCT2624550PE,13OCT2026,1801,False
44759,NIFTY13OCT2624600PE,13OCT2026,1801,False
44762,NIFTY13OCT2624700CE,13OCT2026,1801,False
44769,NIFTY13OCT2624850PE,13OCT2026,1801,False
44770,NIFTY13OCT2624900CE,13OCT2026,1801,False
44791,NIFTY13OCT2625250PE,13OCT2026,1801,False
47193,NIFTY29JUN2733000PE,29JUN2027,1801,False
47224,NIFTY15SEP2622100CE,15SEP2026,1801,False
47243,NIFTY15SEP2622250PE,15SEP2026,1801,False
47268,NIFTY15SEP2622750PE,15SEP2026,1801,False
47271,NIFTY15SEP2622850CE,15SEP2026,1801,False
47272,NIFTY15SEP2622850PE,15SEP2026,1801,False
47279,NIFTY15SEP2623050CE,15SEP2026,1801,False
47284,NIFTY15SEP2623150PE,15SEP2026,1801,False
47292,NIFTY15SEP2623350PE,15SEP2026,1801,False
47298,NIFTY15SEP2623500PE,15SEP2026,1801,False
47304,NIFTY15SEP2623650PE,15SEP2026,1801,False
47306,NIFTY15SEP2623700PE,15SEP2026,1801,False
47309,NIFTY15SEP2623800CE,15SEP2026,1801,False
47321,NIFTY15SEP2624050CE,15SEP2026,1801,False
47435,NIFTY15SEP2626050CE,15SEP2026,1801,False
47440,NIFTY15SEP2626150PE,15SEP2026,1801,False
51332,NIFTY27OCT2622550CE,27OCT2026,1801,False
51343,NIFTY27OCT2622750PE,27OCT2026,1801,False
51350,NIFTY27OCT2622950CE,27OCT2026,1801,False
51351,NIFTY27OCT2622950PE,27OCT2026,1801,False
51360,NIFTY27OCT2623200CE,27OCT2026,1801,False
51361,NIFTY27OCT2623200PE,27OCT2026,1801,False
51375,NIFTY27OCT2623550PE,27OCT2026,1801,False
51379,NIFTY27OCT2623650PE,27OCT2026,1801,False
51389,NIFTY27OCT2623900PE,27OCT2026,1801,False
51390,NIFTY27OCT2623950CE,27OCT2026,1801,False
51441,NIFTY27OCT2625000PE,27OCT2026,1801,False
51449,NIFTY27OCT2625200PE,27OCT2026,1801,False
51451,NIFTY27OCT2625250PE,27OCT2026,1801,False
51454,NIFTY27OCT2625350CE,27OCT2026,1801,False
51472,NIFTY27OCT2625600CE,27OCT2026,1801,False
51478,NIFTY27OCT2625700CE,27OCT2026,1801,False
51481,NIFTY27OCT2625750PE,27OCT2026,1801,False
51495,NIFTY27OCT2626100PE,27OCT2026,1801,False
51496,NIFTY27OCT2626150CE,27OCT2026,1801,False
51503,NIFTY27OCT2626300PE,27OCT2026,1801,False
51520,NIFTY27OCT2626750CE,27OCT2026,1801,False
51526,NIFTY27OCT2626900CE,27OCT2026,1801,False
51529,NIFTY27OCT2626950PE,27OCT2026,1801,False
51535,NIFTY27OCT2627050PE,27OCT2026,1801,False
51540,NIFTY27OCT2627200CE,27OCT2026,1801,False
55282,NIFTY29SEP2619500CE,29SEP2026,1801,False
55331,NIFTY29DEC2628500PE,29DEC2026,1801,False
55333,NIFTY29DEC2631500PE,29DEC2026,1801,False
55372,NIFTY29JUN2719500CE,29JUN2027,1801,False
55468,NIFTY27JUN2816500CE,27JUN2028,1801,False
55469,NIFTY27JUN2816500PE,27JUN2028,1801,False
55471,NIFTY27JUN2819500PE,27JUN2028,1801,False
55516,NIFTY26DEC2816500CE,26DEC2028,1801,False
55519,NIFTY26DEC2819500PE,26DEC2028,1801,False
55560,NIFTY26JUN2922500CE,26JUN2029,1801,False
55605,NIFTY24DEC2925500PE,24DEC2029,1801,False
55645,NIFTY25JUN3022500PE,25JUN2030,1801,False
55697,NIFTY31DEC3016500PE,31DEC2030,1801,False
55701,NIFTY31DEC3019500PE,31DEC2030,1801,False
55760,NIFTY31DEC3028500CE,31DEC2030,1801,False
55765,NIFTY31DEC3031500PE,31DEC2030,1801,False
56703,NIFTY22SEP2621850CE,22SEP2026,1801,False
56722,NIFTY22SEP2621950PE,22SEP2026,1801,False
56729,NIFTY22SEP2622050CE,22SEP2026,1801,False
56796,NIFTY22SEP2622100PE,22SEP2026,1801,False
56865,NIFTY22SEP2622500CE,22SEP2026,1801,False
56902,NIFTY22SEP2622600PE,22SEP2026,1801,False
56907,NIFTY22SEP2622750CE,22SEP2026,1801,False
56909,NIFTY22SEP2622800CE,22SEP2026,1801,False
56981,NIFTY22SEP2623200PE,22SEP2026,1801,False
57002,NIFTY22SEP2623400PE,22SEP2026,1801,False
57125,NIFTY22SEP2623900CE,22SEP2026,1801,False
57154,NIFTY22SEP2624000PE,22SEP2026,1801,False
57618,NIFTY22SEP2624500PE,22SEP2026,1801,False
57735,NIFTY22SEP2624800PE,22SEP2026,1801,False
57828,NIFTY22SEP2625050CE,22SEP2026,1801,False
57866,NIFTY22SEP2625200CE,22SEP2026,1801,False
57894,NIFTY22SEP2625350PE,22SEP2026,1801,False
57919,NIFTY22SEP2625450PE,22SEP2026,1801,False
57951,NIFTY22SEP2625600CE,22SEP2026,1801,False
57962,NIFTY22SEP2625650PE,22SEP2026,1801,False
58008,NIFTY22SEP2625750PE,22SEP2026,1801,False
58633,NIFTY29DEC2614000PE,29DEC2026,1801,False
58641,NIFTY29DEC2618000PE,29DEC2026,1801,False
58643,NIFTY29DEC2619000PE,29DEC2026,1801,False
58645,NIFTY29DEC2620000PE,29DEC2026,1801,False
60898,NIFTY25JUN3021000CE,25JUN2030,1801,False
60936,NIFTY25JUN3030000CE,25JUN2030,1801,False
62006,NIFTY24DEC2933000CE,24DEC2029,1801,False
62007,NIFTY24DEC2933000PE,24DEC2029,1801,False
64226,NIFTY23NOV2621750PE,23NOV2026,1801,False
64242,NIFTY23NOV2622100CE,23NOV2026,1801,False
64293,NIFTY23NOV2622700PE,23NOV2026,1801,False
64306,NIFTY23NOV2622850CE,23NOV2026,1801,False
64349,NIFTY23NOV2623150CE,23NOV2026,1801,False
64363,NIFTY23NOV2623450CE,23NOV2026,1801,False
64388,NIFTY23NOV2623800PE,23NOV2026,1801,False
64399,NIFTY23NOV2624050CE,23NOV2026,1801,False
64405,NIFTY23NOV2624200CE,23NOV2026,1801,False
64418,NIFTY23NOV2624500PE,23NOV2026,1801,False
64419,NIFTY23NOV2624550CE,23NOV2026,1801,False
64422,NIFTY23NOV2624600PE,23NOV2026,1801,False
64425,NIFTY23NOV2624700CE,23NOV2026,1801,False
64441,NIFTY23NOV2625050CE,23NOV2026,1801,False
64452,NIFTY23NOV2625200PE,23NOV2026,1801,False
64501,NIFTY23NOV2626100CE,23NOV2026,1801,False
65888,NIFTY29SEP2618000PE,29SEP2026,1801,False
65900,NIFTY29SEP2624000CE,29SEP2026,1801,False
65924,NIFTY29SEP2630000PE,29SEP2026,1801,False
67776,NIFTY26DEC2821000CE,26DEC2028,1801,False
67779,NIFTY26DEC2822000PE,26DEC2028,1801,False
71547,NIFTY29JUN2718000CE,29JUN2027,1801,False
71548,NIFTY29JUN2718000PE,29JUN2027,1801,False
73848,NIFTY29SEP2621700PE,29SEP2026,1801,False
73868,NIFTY29SEP2622050PE,29SEP2026,1801,False
73872,NIFTY29SEP2622150PE,29SEP2026,1801,False
73880,NIFTY29SEP2622350PE,29SEP2026,1801,False
73886,NIFTY29SEP2622550PE,29SEP2026,1801,False
73888,NIFTY29SEP2622600PE,29SEP2026,1801,False
73901,NIFTY29SEP2622950CE,29SEP2026,1801,False
73921,NIFTY29SEP2623250CE,29SEP2026,1801,False
73923,NIFTY29SEP2623300CE,29SEP2026,1801,False
73927,NIFTY29SEP2623400CE,29SEP2026,1801,False
74002,NIFTY29SEP2623550PE,29SEP2026,1801,False
74057,NIFTY29SEP2623900PE,29SEP2026,1801,False
74065,NIFTY29SEP2624100PE,29SEP2026,1801,False
74107,NIFTY29SEP2624300CE,29SEP2026,1801,False
74108,NIFTY29SEP2624300PE,29SEP2026,1801,False
74353,NIFTY29SEP2624700CE,29SEP2026,1801,False
74360,NIFTY29SEP2624850PE,29SEP2026,1801,False
74395,NIFTY29SEP2625450CE,29SEP2026,1801,False
74414,NIFTY29SEP2625650CE,29SEP2026,1801,False
74416,NIFTY29SEP2625700CE,29SEP2026,1801,False
74421,NIFTY29SEP2625800PE,29SEP2026,1801,False
74438,NIFTY29SEP2626050CE,29SEP2026,1801,False
74443,NIFTY29SEP2626100PE,29SEP2026,1801,False
74480,NIFTY29SEP2626450PE,29SEP2026,1801,False
74486,NIFTY29SEP2626600PE,29SEP2026,1801,False
74493,NIFTY29SEP2626800CE,29SEP2026,1801,False
74643,NIFTY24JUN3119500CE,24JUN2031,1801,False
74646,NIFTY24JUN3121000PE,24JUN2031,1801,False
74649,NIFTY24JUN3124000CE,24JUN2031,1801,False
74665,NIFTY24JUN3133000CE,24JUN2031,1801,False
74666,NIFTY24JUN3133000PE,24JUN2031,1801,False
80190,NIFTY30MAR2716500CE,30MAR2027,1801,False
80248,NIFTY30MAR2718000PE,30MAR2027,1801,False
80311,NIFTY30MAR2731500CE,30MAR2027,1801,False
80313,NIFTY30MAR2733000CE,30MAR2027,1801,False
80314,NIFTY30MAR2733000PE,30MAR2027,1801,False
89635,NIFTY26JUN2926000PE,26JUN2029,1801,False
71502,NIFTY29DEC2624000PE,29DEC2026,1801,False
71550,NIFTY29JUN2719000PE,29JUN2027,1801,False
73832,NIFTY29SEP2621650PE,29SEP2026,1801,False
73852,NIFTY29SEP2621800CE,29SEP2026,1801,False
73855,NIFTY29SEP2621850PE,29SEP2026,1801,False
73870,NIFTY29SEP2622100PE,29SEP2026,1801,False
73871,NIFTY29SEP2622150CE,29SEP2026,1801,False
73890,NIFTY29SEP2622650PE,29SEP2026,1801,False
73922,NIFTY29SEP2623250PE,29SEP2026,1801,False
73926,NIFTY29SEP2623350PE,29SEP2026,1801,False
74007,NIFTY29SEP2623700CE,29SEP2026,1801,False
74059,NIFTY29SEP2623950PE,29SEP2026,1801,False
74097,NIFTY29SEP2624250CE,29SEP2026,1801,False
74113,NIFTY29SEP2624350PE,29SEP2026,1801,False
74114,NIFTY29SEP2624400CE,29SEP2026,1801,False
74352,NIFTY29SEP2624650PE,29SEP2026,1801,False
74365,NIFTY29SEP2625000CE,29SEP2026,1801,False
74373,NIFTY29SEP2625200PE,29SEP2026,1801,False
74386,NIFTY29SEP2625300CE,29SEP2026,1801,False
74406,NIFTY29SEP2625550PE,29SEP2026,1801,False
74467,NIFTY29SEP2626250CE,29SEP2026,1801,False
74472,NIFTY29SEP2626300PE,29SEP2026,1801,False
74477,NIFTY29SEP2626400CE,29SEP2026,1801,False
74487,NIFTY29SEP2626650CE,29SEP2026,1801,False
74498,NIFTY29SEP2626900PE,29SEP2026,1801,False
74501,NIFTY29SEP2627050CE,29SEP2026,1801,False
74660,NIFTY24JUN3130000PE,24JUN2031,1801,False
80270,NIFTY30MAR2722500CE,30MAR2027,1801,False
80272,NIFTY30MAR2724000CE,30MAR2027,1801,False
80278,NIFTY30MAR2728500CE,30MAR2027,1801,False
86140,NIFTY27JUN2818000PE,27JUN2028,1801,False
86145,NIFTY27JUN2821000CE,27JUN2028,1801,False
35235,NIFTY29DEC2630000CE,29DEC2026,1801,False
35263,NIFTY29JUN2730000PE,29JUN2027,1801,False
40666,NIFTY06OCT2621950PE,06OCT2026,1801,False
40668,NIFTY06OCT2622000PE,06OCT2026,1801,False
40678,NIFTY06OCT2622250PE,06OCT2026,1801,False
40686,NIFTY06OCT2622350PE,06OCT2026,1801,False
40704,NIFTY06OCT2622650CE,06OCT2026,1801,False
40711,NIFTY06OCT2622700PE,06OCT2026,1801,False
40715,NIFTY06OCT2622800CE,06OCT2026,1801,False
40723,NIFTY06OCT2622950CE,06OCT2026,1801,False
40732,NIFTY06OCT2623000PE,06OCT2026,1801,False
40742,NIFTY06OCT2623100PE,06OCT2026,1801,False
40752,NIFTY06OCT2623300PE,06OCT2026,1801,False
40757,NIFTY06OCT2623450CE,06OCT2026,1801,False
40781,NIFTY06OCT2623800CE,06OCT2026,1801,False
40821,NIFTY06OCT2624400CE,06OCT2026,1801,False
40827,NIFTY06OCT2624550CE,06OCT2026,1801,False
40861,NIFTY06OCT2624900CE,06OCT2026,1801,False
40868,NIFTY06OCT2625050PE,06OCT2026,1801,False
40875,NIFTY06OCT2625250CE,06OCT2026,1801,False
40879,NIFTY06OCT2625350CE,06OCT2026,1801,False
40882,NIFTY06OCT2625400PE,06OCT2026,1801,False
40887,NIFTY06OCT2625550CE,06OCT2026,1801,False
40897,NIFTY06OCT2625700PE,06OCT2026,1801,False
44558,NIFTY13OCT2621700CE,13OCT2026,1801,False
44570,NIFTY13OCT2621950CE,13OCT2026,1801,False
44584,NIFTY13OCT2622100CE,13OCT2026,1801,False
44591,NIFTY13OCT2622150PE,13OCT2026,1801,False
44597,NIFTY13OCT2622250PE,13OCT2026,1801,False
44615,NIFTY13OCT2622550PE,13OCT2026,1801,False
44622,NIFTY13OCT2622750CE,13OCT2026,1801,False
44648,NIFTY13OCT2623150CE,13OCT2026,1801,False
44669,NIFTY13OCT2623500PE,13OCT2026,1801,False
44682,NIFTY13OCT2623650CE,13OCT2026,1801,False
44693,NIFTY13OCT2623750PE,13OCT2026,1801,False
44721,NIFTY13OCT2624100PE,13OCT2026,1801,False
44729,NIFTY13OCT2624200PE,13OCT2026,1801,False
44781,NIFTY13OCT2625050PE,13OCT2026,1801,False
44784,NIFTY13OCT2625150CE,13OCT2026,1801,False
44785,NIFTY13OCT2625150PE,13OCT2026,1801,False
44793,NIFTY13OCT2625300PE,13OCT2026,1801,False
44794,NIFTY13OCT2625350CE,13OCT2026,1801,False
44797,NIFTY13OCT2625350PE,13OCT2026,1801,False
47163,NIFTY15SEP2621900CE,15SEP2026,1801,False
47226,NIFTY15SEP2622150CE,15SEP2026,1801,False
47266,NIFTY15SEP2622700PE,15SEP2026,1801,False
47270,NIFTY15SEP2622800PE,15SEP2026,1801,False
47274,NIFTY15SEP2622900PE,15SEP2026,1801,False
47276,NIFTY15SEP2622950PE,15SEP2026,1801,False
47291,NIFTY15SEP2623350CE,15SEP2026,1801,False
47305,NIFTY15SEP2623700CE,15SEP2026,1801,False
47307,NIFTY15SEP2623750CE,15SEP2026,1801,False
47308,NIFTY15SEP2623750PE,15SEP2026,1801,False
47310,NIFTY15SEP2623800PE,15SEP2026,1801,False
47312,NIFTY15SEP2623850PE,15SEP2026,1801,False
47315,NIFTY15SEP2623900CE,15SEP2026,1801,False
47318,NIFTY15SEP2623950PE,15SEP2026,1801,False
47319,NIFTY15SEP2624000CE,15SEP2026,1801,False
47320,NIFTY15SEP2624000PE,15SEP2026,1801,False
47343,NIFTY15SEP2624550PE,15SEP2026,1801,False
47366,NIFTY15SEP2625050PE,15SEP2026,1801,False
47379,NIFTY15SEP2625300CE,15SEP2026,1801,False
47384,NIFTY15SEP2625350PE,15SEP2026,1801,False
47389,NIFTY15SEP2625500CE,15SEP2026,1801,False
47392,NIFTY15SEP2625500PE,15SEP2026,1801,False
47394,NIFTY15SEP2625550PE,15SEP2026,1801,False
47397,NIFTY15SEP2625650CE,15SEP2026,1801,False
47439,NIFTY15SEP2626150CE,15SEP2026,1801,False
50981,NIFTY29JUN2727000CE,29JUN2027,1801,False
51299,NIFTY27OCT2621800PE,27OCT2026,1801,False
51308,NIFTY27OCT2622000CE,27OCT2026,1801,False
51328,NIFTY27OCT2622450CE,27OCT2026,1801,False
51338,NIFTY27OCT2622650CE,27OCT2026,1801,False
51373,NIFTY27OCT2623500PE,27OCT2026,1801,False
51376,NIFTY27OCT2623600CE,27OCT2026,1801,False
51387,NIFTY27OCT2623850PE,27OCT2026,1801,False
51403,NIFTY27OCT2624200PE,27OCT2026,1801,False
51422,NIFTY27OCT2624600CE,27OCT2026,1801,False
51423,NIFTY27OCT2624600PE,27OCT2026,1801,False
51432,NIFTY27OCT2624850CE,27OCT2026,1801,False
51450,NIFTY27OCT2625250CE,27OCT2026,1801,False
51458,NIFTY27OCT2625450CE,27OCT2026,1801,False
51476,NIFTY27OCT2625650CE,27OCT2026,1801,False
51483,NIFTY27OCT2625800PE,27OCT2026,1801,False
51485,NIFTY27OCT2625850PE,27OCT2026,1801,False
51499,NIFTY27OCT2626200PE,27OCT2026,1801,False
51506,NIFTY27OCT2626400CE,27OCT2026,1801,False
53602,NIFTY28DEC2717000PE,28DEC2027,1801,False
53613,NIFTY28DEC2721000CE,28DEC2027,1801,False
53632,NIFTY28DEC2727000PE,28DEC2027,1801,False
55287,NIFTY29SEP2625500PE,29SEP2026,1801,False
55290,NIFTY29SEP2631500CE,29SEP2026,1801,False
55327,NIFTY29DEC2622500PE,29DEC2026,1801,False
55423,NIFTY28DEC2719500PE,28DEC2027,1801,False
55478,NIFTY27JUN2828500CE,27JUN2028,1801,False
55556,NIFTY26JUN2916500CE,26JUN2029,1801,False
55562,NIFTY26JUN2925500CE,26JUN2029,1801,False
55564,NIFTY26JUN2928500CE,26JUN2029,1801,False
55641,NIFTY25JUN3016500PE,25JUN2030,1801,False
55755,NIFTY31DEC3024000PE,31DEC2030,1801,False
55761,NIFTY31DEC3028500PE,31DEC2030,1801,False
55766,NIFTY31DEC3033000CE,31DEC2030,1801,False
56701,NIFTY22SEP2621800CE,22SEP2026,1801,False
56706,NIFTY22SEP2621850PE,22SEP2026,1801,False
56821,NIFTY22SEP2622200CE,22SEP2026,1801,False
56837,NIFTY22SEP2622400CE,22SEP2026,1801,False
56862,NIFTY22SEP2622400PE,22SEP2026,1801,False
56908,NIFTY22SEP2622750PE,22SEP2026,1801,False
56978,NIFTY22SEP2623150CE,22SEP2026,1801,False
56984,NIFTY22SEP2623250PE,22SEP2026,1801,False
56999,NIFTY22SEP2623400CE,22SEP2026,1801,False
57006,NIFTY22SEP2623450PE,22SEP2026,1801,False
57446,NIFTY22SEP2624300PE,22SEP2026,1801,False
57584,NIFTY22SEP2624450CE,22SEP2026,1801,False
57795,NIFTY22SEP2624950PE,22SEP2026,1801,False
57847,NIFTY22SEP2625100PE,22SEP2026,1801,False
57960,NIFTY22SEP2625650CE,22SEP2026,1801,False
57996,NIFTY22SEP2625700CE,22SEP2026,1801,False
58635,NIFTY29DEC2615000PE,29DEC2026,1801,False
60905,NIFTY25JUN3024000PE,25JUN2030,1801,False
60911,NIFTY25JUN3027000PE,25JUN2030,1801,False
60944,NIFTY25JUN3033000CE,25JUN2030,1801,False
61748,NIFTY24DEC2924000CE,24DEC2029,1801,False
61749,NIFTY24DEC2924000PE,24DEC2029,1801,False
64221,NIFTY23NOV2621700PE,23NOV2026,1801,False
64236,NIFTY23NOV2621950CE,23NOV2026,1801,False
64237,NIFTY23NOV2621950PE,23NOV2026,1801,False
64241,NIFTY23NOV2622050PE,23NOV2026,1801,False
64246,NIFTY23NOV2622200CE,23NOV2026,1801,False
64294,NIFTY23NOV2622750CE,23NOV2026,1801,False
64325,NIFTY23NOV2622900CE,23NOV2026,1801,False
64342,NIFTY23NOV2623050CE,23NOV2026,1801,False
64401,NIFTY23NOV2624100CE,23NOV2026,1801,False
64411,NIFTY23NOV2624350CE,23NOV2026,1801,False
64443,NIFTY23NOV2625100CE,23NOV2026,1801,False
64475,NIFTY23NOV2625550CE,23NOV2026,1801,False
64421,NIFTY23NOV2624600CE,23NOV2026,1801,False
64444,NIFTY23NOV2625100PE,23NOV2026,1801,False
64476,NIFTY23NOV2625550PE,23NOV2026,1801,False
64487,NIFTY23NOV2625750CE,23NOV2026,1801,False
65893,NIFTY29SEP2621000CE,29SEP2026,1801,False
65906,NIFTY29SEP2627000CE,29SEP2026,1801,False
67783,NIFTY26DEC2824000PE,26DEC2028,1801,False
40656,NIFTY06OCT2621700PE,06OCT2026,1801,False
40660,NIFTY06OCT2621800PE,06OCT2026,1801,False
40667,NIFTY06OCT2622000CE,06OCT2026,1801,False
40675,NIFTY06OCT2622200CE,06OCT2026,1801,False
40709,NIFTY06OCT2622650PE,06OCT2026,1801,False
40722,NIFTY06OCT2622900PE,06OCT2026,1801,False
40755,NIFTY06OCT2623400CE,06OCT2026,1801,False
40766,NIFTY06OCT2623600PE,06OCT2026,1801,False
40767,NIFTY06OCT2623650CE,06OCT2026,1801,False
40792,NIFTY06OCT2623950PE,06OCT2026,1801,False
40824,NIFTY06OCT2624450PE,06OCT2026,1801,False
40834,NIFTY06OCT2624600PE,06OCT2026,1801,False
40867,NIFTY06OCT2625050CE,06OCT2026,1801,False
40869,NIFTY06OCT2625100CE,06OCT2026,1801,False
40870,NIFTY06OCT2625100PE,06OCT2026,1801,False
40885,NIFTY06OCT2625500CE,06OCT2026,1801,False
40894,NIFTY06OCT2625700CE,06OCT2026,1801,False
44571,NIFTY13OCT2621950PE,13OCT2026,1801,False
44595,NIFTY13OCT2622200PE,13OCT2026,1801,False
44598,NIFTY13OCT2622300CE,13OCT2026,1801,False
44617,NIFTY13OCT2622600PE,13OCT2026,1801,False
44624,NIFTY13OCT2622800CE,13OCT2026,1801,False
44627,NIFTY13OCT2622850PE,13OCT2026,1801,False
44629,NIFTY13OCT2622900PE,13OCT2026,1801,False
44633,NIFTY13OCT2623000PE,13OCT2026,1801,False
44650,NIFTY13OCT2623200CE,13OCT2026,1801,False
44670,NIFTY13OCT2623550CE,13OCT2026,1801,False
44684,NIFTY13OCT2623700CE,13OCT2026,1801,False
44692,NIFTY13OCT2623750CE,13OCT2026,1801,False
44694,NIFTY13OCT2623800CE,13OCT2026,1801,False
44720,NIFTY13OCT2624100CE,13OCT2026,1801,False
44728,NIFTY13OCT2624200CE,13OCT2026,1801,False
44764,NIFTY13OCT2624750CE,13OCT2026,1801,False
44765,NIFTY13OCT2624750PE,13OCT2026,1801,False
47197,NIFTY27JUN2833000PE,27JUN2028,1801,False
47199,NIFTY26DEC2833000PE,26DEC2028,1801,False
47211,NIFTY15SEP2621950PE,15SEP2026,1801,False
47258,NIFTY15SEP2622500PE,15SEP2026,1801,False
47260,NIFTY15SEP2622550PE,15SEP2026,1801,False
47264,NIFTY15SEP2622650PE,15SEP2026,1801,False
47290,NIFTY15SEP2623300PE,15SEP2026,1801,False
47294,NIFTY15SEP2623400PE,15SEP2026,1801,False
47297,NIFTY15SEP2623500CE,15SEP2026,1801,False
47300,NIFTY15SEP2623550PE,15SEP2026,1801,False
47322,NIFTY15SEP2624050PE,15SEP2026,1801,False
47323,NIFTY15SEP2624100CE,15SEP2026,1801,False
47329,NIFTY15SEP2624250CE,15SEP2026,1801,False
47335,NIFTY15SEP2624400CE,15SEP2026,1801,False
47345,NIFTY15SEP2624600CE,15SEP2026,1801,False
47349,NIFTY15SEP2624700CE,15SEP2026,1801,False
47353,NIFTY15SEP2624800CE,15SEP2026,1801,False
47371,NIFTY15SEP2625200CE,15SEP2026,1801,False
47387,NIFTY15SEP2625450CE,15SEP2026,1801,False
47388,NIFTY15SEP2625450PE,15SEP2026,1801,False
47393,NIFTY15SEP2625550CE,15SEP2026,1801,False
47424,NIFTY15SEP2625950PE,15SEP2026,1801,False
47438,NIFTY15SEP2626100PE,15SEP2026,1801,False
51304,NIFTY27OCT2621900CE,27OCT2026,1801,False
51305,NIFTY27OCT2621900PE,27OCT2026,1801,False
51306,NIFTY27OCT2621950CE,27OCT2026,1801,False
51310,NIFTY27OCT2622050CE,27OCT2026,1801,False
51316,NIFTY27OCT2622200CE,27OCT2026,1801,False
51321,NIFTY27OCT2622300PE,27OCT2026,1801,False
51331,NIFTY27OCT2622500PE,27OCT2026,1801,False
51345,NIFTY27OCT2622800PE,27OCT2026,1801,False
51370,NIFTY27OCT2623450CE,27OCT2026,1801,False
51372,NIFTY27OCT2623500CE,27OCT2026,1801,False
51383,NIFTY27OCT2623750PE,27OCT2026,1801,False
51385,NIFTY27OCT2623800PE,27OCT2026,1801,False
51393,NIFTY27OCT2624000PE,27OCT2026,1801,False
51404,NIFTY27OCT2624250CE,27OCT2026,1801,False
51407,NIFTY27OCT2624300PE,27OCT2026,1801,False
51408,NIFTY27OCT2624350CE,27OCT2026,1801,False
51410,NIFTY27OCT2624400CE,27OCT2026,1801,False
51418,NIFTY27OCT2624500CE,27OCT2026,1801,False
51424,NIFTY27OCT2624650CE,27OCT2026,1801,False
51440,NIFTY27OCT2625000CE,27OCT2026,1801,False
51442,NIFTY27OCT2625050CE,27OCT2026,1801,False
51477,NIFTY27OCT2625650PE,27OCT2026,1801,False
51484,NIFTY27OCT2625850CE,27OCT2026,1801,False
51486,NIFTY27OCT2625900CE,27OCT2026,1801,False
51494,NIFTY27OCT2626100CE,27OCT2026,1801,False
51502,NIFTY27OCT2626300CE,27OCT2026,1801,False
51523,NIFTY27OCT2626800PE,27OCT2026,1801,False
51528,NIFTY27OCT2626950CE,27OCT2026,1801,False
51531,NIFTY27OCT2627000PE,27OCT2026,1801,False
53603,NIFTY28DEC2718000CE,28DEC2027,1801,False
53625,NIFTY28DEC2724000PE,28DEC2027,1801,False
53630,NIFTY28DEC2726000PE,28DEC2027,1801,False
55288,NIFTY29SEP2628500CE,29SEP2026,1801,False
55332,NIFTY29DEC2631500CE,29DEC2026,1801,False
55377,NIFTY29JUN2725500PE,29JUN2027,1801,False
55379,NIFTY29JUN2728500PE,29JUN2027,1801,False
55418,NIFTY28DEC2716500CE,28DEC2027,1801,False
55422,NIFTY28DEC2719500CE,28DEC2027,1801,False
55430,NIFTY28DEC2731500CE,28DEC2027,1801,False
55517,NIFTY26DEC2816500PE,26DEC2028,1801,False
55527,NIFTY26DEC2831500PE,26DEC2028,1801,False
55647,NIFTY25JUN3025500PE,25JUN2030,1801,False
55696,NIFTY31DEC3016500CE,31DEC2030,1801,False
55763,NIFTY31DEC3030000PE,31DEC2030,1801,False
55764,NIFTY31DEC3031500CE,31DEC2030,1801,False
56685,NIFTY22SEP2621700CE,22SEP2026,1801,False
56723,NIFTY22SEP2622000CE,22SEP2026,1801,False
56778,NIFTY22SEP2622050PE,22SEP2026,1801,False
56823,NIFTY22SEP2622250CE,22SEP2026,1801,False
56874,NIFTY22SEP2622500PE,22SEP2026,1801,False
56876,NIFTY22SEP2622550PE,22SEP2026,1801,False
56994,NIFTY22SEP2623300PE,22SEP2026,1801,False
57052,NIFTY22SEP2623650CE,22SEP2026,1801,False
57053,NIFTY22SEP2623650PE,22SEP2026,1801,False
57427,NIFTY22SEP2624250CE,22SEP2026,1801,False
57723,NIFTY22SEP2624750PE,22SEP2026,1801,False
57797,NIFTY22SEP2625000PE,22SEP2026,1801,False
57843,NIFTY22SEP2625100CE,22SEP2026,1801,False
57857,NIFTY22SEP2625150PE,22SEP2026,1801,False
57873,NIFTY22SEP2625250CE,22SEP2026,1801,False
57910,NIFTY22SEP2625400CE,22SEP2026,1801,False
57928,NIFTY22SEP2625550PE,22SEP2026,1801,False
57954,NIFTY22SEP2625600PE,22SEP2026,1801,False
58014,NIFTY22SEP2625900CE,22SEP2026,1801,False
58024,NIFTY22SEP2625950PE,22SEP2026,1801,False
58030,NIFTY22SEP2626000CE,22SEP2026,1801,False
58636,NIFTY29DEC2616000CE,29DEC2026,1801,False
60899,NIFTY25JUN3021000PE,25JUN2030,1801,False
60904,NIFTY25JUN3024000CE,25JUN2030,1801,False
61375,NIFTY24DEC2915000PE,24DEC2029,1801,False
64228,NIFTY23NOV2621800PE,23NOV2026,1801,False
64239,NIFTY23NOV2622000PE,23NOV2026,1801,False
64245,NIFTY23NOV2622150PE,23NOV2026,1801,False
64276,NIFTY23NOV2622450CE,23NOV2026,1801,False
64324,NIFTY23NOV2622850PE,23NOV2026,1801,False
64334,NIFTY23NOV2622950PE,23NOV2026,1801,False
64348,NIFTY23NOV2623100PE,23NOV2026,1801,False
64352,NIFTY23NOV2623200PE,23NOV2026,1801,False
64360,NIFTY23NOV2623350PE,23NOV2026,1801,False
64377,NIFTY23NOV2623600CE,23NOV2026,1801,False
64393,NIFTY23NOV2623950CE,23NOV2026,1801,False
64412,NIFTY23NOV2624350PE,23NOV2026,1801,False
64415,NIFTY23NOV2624450CE,23NOV2026,1801,False
64416,NIFTY23NOV2624450PE,23NOV2026,1801,False
64424,NIFTY23NOV2624650PE,23NOV2026,1801,False
64438,NIFTY23NOV2624950PE,23NOV2026,1801,False
64445,NIFTY23NOV2625150CE,23NOV2026,1801,False
65882,NIFTY29SEP2615000PE,29SEP2026,1801,False
65904,NIFTY29SEP2626000CE,29SEP2026,1801,False
65905,NIFTY29SEP2626000PE,29SEP2026,1801,False
67771,NIFTY26DEC2818000PE,26DEC2028,1801,False
67781,NIFTY26DEC2823000PE,26DEC2028,1801,False
35347,NIFTY28DEC2730000PE,28DEC2027,1801,False
40654,NIFTY06OCT2621700CE,06OCT2026,1801,False
40665,NIFTY06OCT2621950CE,06OCT2026,1801,False
40673,NIFTY06OCT2622150CE,06OCT2026,1801,False
40756,NIFTY06OCT2623400PE,06OCT2026,1801,False
40764,NIFTY06OCT2623550PE,06OCT2026,1801,False
40782,NIFTY06OCT2623800PE,06OCT2026,1801,False
40793,NIFTY06OCT2624000CE,06OCT2026,1801,False
40831,NIFTY06OCT2624600CE,06OCT2026,1801,False
40858,NIFTY06OCT2624850CE,06OCT2026,1801,False
40860,NIFTY06OCT2624850PE,06OCT2026,1801,False
40873,NIFTY06OCT2625200CE,06OCT2026,1801,False
40886,NIFTY06OCT2625500PE,06OCT2026,1801,False
40889,NIFTY06OCT2625550PE,06OCT2026,1801,False
44567,NIFTY13OCT2621850PE,13OCT2026,1801,False
44612,NIFTY13OCT2622500CE,13OCT2026,1801,False
44620,NIFTY13OCT2622700CE,13OCT2026,1801,False
44623,NIFTY13OCT2622750PE,13OCT2026,1801,False
44631,NIFTY13OCT2622950PE,13OCT2026,1801,False
44656,NIFTY13OCT2623300CE,13OCT2026,1801,False
44709,NIFTY13OCT2623900PE,13OCT2026,1801,False
44712,NIFTY13OCT2624000CE,13OCT2026,1801,False
44716,NIFTY13OCT2624050CE,13OCT2026,1801,False
44727,NIFTY13OCT2624150PE,13OCT2026,1801,False
44731,NIFTY13OCT2624250PE,13OCT2026,1801,False
44750,NIFTY13OCT2624500CE,13OCT2026,1801,False
44758,NIFTY13OCT2624600CE,13OCT2026,1801,False
44767,NIFTY13OCT2624800PE,13OCT2026,1801,False
44776,NIFTY13OCT2624950CE,13OCT2026,1801,False
44780,NIFTY13OCT2625050CE,13OCT2026,1801,False
44786,NIFTY13OCT2625200CE,13OCT2026,1801,False
47134,NIFTY15SEP2621700CE,15SEP2026,1801,False
47150,NIFTY15SEP2621850CE,15SEP2026,1801,False
47151,NIFTY15SEP2621850PE,15SEP2026,1801,False
47191,NIFTY29DEC2633000PE,29DEC2026,1801,False
47194,NIFTY28DEC2733000CE,28DEC2027,1801,False
47227,NIFTY15SEP2622150PE,15SEP2026,1801,False
47252,NIFTY15SEP2622350PE,15SEP2026,1801,False
47256,NIFTY15SEP2622450PE,15SEP2026,1801,False
47282,NIFTY15SEP2623100PE,15SEP2026,1801,False
47283,NIFTY15SEP2623150CE,15SEP2026,1801,False
47287,NIFTY15SEP2623250CE,15SEP2026,1801,False
47288,NIFTY15SEP2623250PE,15SEP2026,1801,False
47296,NIFTY15SEP2623450PE,15SEP2026,1801,False
47327,NIFTY15SEP2624200CE,15SEP2026,1801,False
47332,NIFTY15SEP2624300PE,15SEP2026,1801,False
47334,NIFTY15SEP2624350PE,15SEP2026,1801,False
47346,NIFTY15SEP2624600PE,15SEP2026,1801,False
47348,NIFTY15SEP2624650PE,15SEP2026,1801,False
47350,NIFTY15SEP2624700PE,15SEP2026,1801,False
47359,NIFTY15SEP2624900CE,15SEP2026,1801,False
47364,NIFTY15SEP2625000PE,15SEP2026,1801,False
47365,NIFTY15SEP2625050CE,15SEP2026,1801,False
47380,NIFTY15SEP2625300PE,15SEP2026,1801,False
47381,NIFTY15SEP2625350CE,15SEP2026,1801,False
47407,NIFTY15SEP2625750CE,15SEP2026,1801,False
47420,NIFTY15SEP2625850PE,15SEP2026,1801,False
47441,NIFTY15SEP2626200CE,15SEP2026,1801,False
51295,NIFTY27OCT2621700PE,27OCT2026,1801,False
51302,NIFTY27OCT2621850CE,27OCT2026,1801,False
51303,NIFTY27OCT2621850PE,27OCT2026,1801,False
51311,NIFTY27OCT2622050PE,27OCT2026,1801,False
51312,NIFTY27OCT2622100CE,27OCT2026,1801,False
51313,NIFTY27OCT2622100PE,27OCT2026,1801,False
51317,NIFTY27OCT2622200PE,27OCT2026,1801,False
51324,NIFTY27OCT2622350CE,27OCT2026,1801,False
51326,NIFTY27OCT2622400CE,27OCT2026,1801,False
51330,NIFTY27OCT2622500CE,27OCT2026,1801,False
51334,NIFTY27OCT2622600CE,27OCT2026,1801,False
51354,NIFTY27OCT2623050CE,27OCT2026,1801,False
51355,NIFTY27OCT2623050PE,27OCT2026,1801,False
51356,NIFTY27OCT2623100CE,27OCT2026,1801,False
51369,NIFTY27OCT2623400PE,27OCT2026,1801,False
51371,NIFTY27OCT2623450PE,27OCT2026,1801,False
51381,NIFTY27OCT2623700PE,27OCT2026,1801,False
51406,NIFTY27OCT2624300CE,27OCT2026,1801,False
51433,NIFTY27OCT2624850PE,27OCT2026,1801,False
51459,NIFTY27OCT2625450PE,27OCT2026,1801,False
51492,NIFTY27OCT2626050CE,27OCT2026,1801,False
51498,NIFTY27OCT2626200CE,27OCT2026,1801,False
51515,NIFTY27OCT2626600PE,27OCT2026,1801,False
51517,NIFTY27OCT2626650PE,27OCT2026,1801,False
51527,NIFTY27OCT2626900PE,27OCT2026,1801,False
51530,NIFTY27OCT2627000CE,27OCT2026,1801,False
51536,NIFTY27OCT2627100CE,27OCT2026,1801,False
51541,NIFTY27OCT2627200PE,27OCT2026,1801,False
53611,NIFTY28DEC2720000PE,28DEC2027,1801,False
53615,NIFTY28DEC2721000PE,28DEC2027,1801,False
53619,NIFTY28DEC2723000PE,28DEC2027,1801,False
55280,NIFTY29SEP2616500CE,29SEP2026,1801,False
55322,NIFTY29DEC2616500CE,29DEC2026,1801,False
55325,NIFTY29DEC2619500PE,29DEC2026,1801,False
55328,NIFTY29DEC2625500CE,29DEC2026,1801,False
55336,NIFTY29DEC2634500CE,29DEC2026,1801,False
55475,NIFTY27JUN2822500PE,27JUN2028,1801,False
55480,NIFTY27JUN2831500CE,27JUN2028,1801,False
55481,NIFTY27JUN2831500PE,27JUN2028,1801,False
55522,NIFTY26DEC2825500CE,26DEC2028,1801,False
55557,NIFTY26JUN2916500PE,26JUN2029,1801,False
55566,NIFTY26JUN2931500CE,26JUN2029,1801,False
55604,NIFTY24DEC2925500CE,24DEC2029,1801,False
55608,NIFTY24DEC2931500CE,24DEC2029,1801,False
55643,NIFTY25JUN3019500PE,25JUN2030,1801,False
55700,NIFTY31DEC3019500CE,31DEC2030,1801,False
55704,NIFTY31DEC3022500CE,31DEC2030,1801,False
55705,NIFTY31DEC3022500PE,31DEC2030,1801,False
55754,NIFTY31DEC3024000CE,31DEC2030,1801,False
55758,NIFTY31DEC3027000CE,31DEC2030,1801,False
56707,NIFTY22SEP2621900CE,22SEP2026,1801,False
56803,NIFTY22SEP2622150CE,22SEP2026,1801,False
56863,NIFTY22SEP2622450CE,22SEP2026,1801,False
56864,NIFTY22SEP2622450PE,22SEP2026,1801,False
56903,NIFTY22SEP2622650CE,22SEP2026,1801,False
56906,NIFTY22SEP2622700PE,22SEP2026,1801,False
56939,NIFTY22SEP2622950CE,22SEP2026,1801,False
57083,NIFTY22SEP2623750PE,22SEP2026,1801,False
57084,NIFTY22SEP2623800CE,22SEP2026,1801,False
57085,NIFTY22SEP2623800PE,22SEP2026,1801,False
57142,NIFTY22SEP2623950CE,22SEP2026,1801,False
57638,NIFTY22SEP2624550CE,22SEP2026,1801,False
57679,NIFTY22SEP2624600CE,22SEP2026,1801,False
57702,NIFTY22SEP2624650PE,22SEP2026,1801,False
57734,NIFTY22SEP2624800CE,22SEP2026,1801,False
57997,NIFTY22SEP2625700PE,22SEP2026,1801,False
58023,NIFTY22SEP2625950CE,22SEP2026,1801,False
60910,NIFTY25JUN3027000CE,25JUN2030,1801,False
61391,NIFTY24DEC2918000PE,24DEC2029,1801,False
64233,NIFTY23NOV2621850PE,23NOV2026,1801,False
64235,NIFTY23NOV2621900PE,23NOV2026,1801,False
64238,NIFTY23NOV2622000CE,23NOV2026,1801,False
64244,NIFTY23NOV2622150CE,23NOV2026,1801,False
64247,NIFTY23NOV2622200PE,23NOV2026,1801,False
64350,NIFTY23NOV2623150PE,23NOV2026,1801,False
64269,NIFTY23NOV2622300PE,23NOV2026,1801,False
64288,NIFTY23NOV2622650CE,23NOV2026,1801,False
64335,NIFTY23NOV2623000CE,23NOV2026,1801,False
64357,NIFTY23NOV2623300CE,23NOV2026,1801,False
64374,NIFTY23NOV2623500PE,23NOV2026,1801,False
64381,NIFTY23NOV2623700CE,23NOV2026,1801,False
64386,NIFTY23NOV2623750PE,23NOV2026,1801,False
64396,NIFTY23NOV2623950PE,23NOV2026,1801,False
64400,NIFTY23NOV2624050PE,23NOV2026,1801,False
64402,NIFTY23NOV2624100PE,23NOV2026,1801,False
64410,NIFTY23NOV2624300PE,23NOV2026,1801,False
64428,NIFTY23NOV2624750PE,23NOV2026,1801,False
64434,NIFTY23NOV2624850PE,23NOV2026,1801,False
64435,NIFTY23NOV2624900CE,23NOV2026,1801,False
64440,NIFTY23NOV2625000PE,23NOV2026,1801,False
64451,NIFTY23NOV2625200CE,23NOV2026,1801,False
64455,NIFTY23NOV2625250PE,23NOV2026,1801,False
64470,NIFTY23NOV2625450CE,23NOV2026,1801,False
64473,NIFTY23NOV2625500CE,23NOV2026,1801,False
64479,NIFTY23NOV2625650CE,23NOV2026,1801,False
64481,NIFTY23NOV2625700CE,23NOV2026,1801,False
64491,NIFTY23NOV2625850CE,23NOV2026,1801,False
64494,NIFTY23NOV2625900PE,23NOV2026,1801,False
65887,NIFTY29SEP2618000CE,29SEP2026,1801,False
65907,NIFTY29SEP2627000PE,29SEP2026,1801,False
65930,NIFTY29SEP2633000PE,29SEP2026,1801,False
67782,NIFTY26DEC2824000CE,26DEC2028,1801,False
67789,NIFTY26DEC2827000PE,26DEC2028,1801,False
67790,NIFTY26DEC2828000CE,26DEC2028,1801,False
67795,NIFTY26DEC2830000PE,26DEC2028,1801,False
71549,NIFTY29JUN2719000CE,29JUN2027,1801,False
71554,NIFTY29JUN2721000PE,29JUN2027,1801,False
73854,NIFTY29SEP2621850CE,29SEP2026,1801,False
73866,NIFTY29SEP2622000PE,29SEP2026,1801,False
73869,NIFTY29SEP2622100CE,29SEP2026,1801,False
73894,NIFTY29SEP2622750PE,29SEP2026,1801,False
73895,NIFTY29SEP2622800CE,29SEP2026,1801,False
73906,NIFTY29SEP2623100CE,29SEP2026,1801,False
73928,NIFTY29SEP2623400PE,29SEP2026,1801,False
74011,NIFTY29SEP2623750PE,29SEP2026,1801,False
74067,NIFTY29SEP2624150PE,29SEP2026,1801,False
74240,NIFTY29SEP2624450PE,29SEP2026,1801,False
74356,NIFTY29SEP2624750PE,29SEP2026,1801,False
74361,NIFTY29SEP2624900CE,29SEP2026,1801,False
74369,NIFTY29SEP2625100PE,29SEP2026,1801,False
74370,NIFTY29SEP2625150CE,29SEP2026,1801,False
74396,NIFTY29SEP2625450PE,29SEP2026,1801,False
74419,NIFTY29SEP2625750PE,29SEP2026,1801,False
74464,NIFTY29SEP2626150PE,29SEP2026,1801,False
74475,NIFTY29SEP2626350CE,29SEP2026,1801,False
74478,NIFTY29SEP2626400PE,29SEP2026,1801,False
74485,NIFTY29SEP2626600CE,29SEP2026,1801,False
74489,NIFTY29SEP2626700CE,29SEP2026,1801,False
74502,NIFTY29SEP2627050PE,29SEP2026,1801,False
74507,NIFTY29SEP2627200CE,29SEP2026,1801,False
74508,NIFTY29SEP2627200PE,29SEP2026,1801,False
74650,NIFTY24JUN3124000PE,24JUN2031,1801,False
74651,NIFTY24JUN3125500CE,24JUN2031,1801,False
74657,NIFTY24JUN3130000CE,24JUN2031,1801,False
80191,NIFTY30MAR2716500PE,30MAR2027,1801,False
80249,NIFTY30MAR2719500CE,30MAR2027,1801,False
80273,NIFTY30MAR2724000PE,30MAR2027,1801,False
80274,NIFTY30MAR2725500CE,30MAR2027,1801,False
86163,NIFTY27JUN2827000CE,27JUN2028,1801,False
89625,NIFTY26JUN2921000PE,26JUN2029,1801,False
71504,NIFTY29DEC2625000PE,29DEC2026,1801,False
71553,NIFTY29JUN2721000CE,29JUN2027,1801,False
73805,NIFTY29SEP2621600CE,29SEP2026,1801,False
73806,NIFTY29SEP2621600PE,29SEP2026,1801,False
73856,NIFTY29SEP2621900CE,29SEP2026,1801,False
73858,NIFTY29SEP2621900PE,29SEP2026,1801,False
73864,NIFTY29SEP2621950PE,29SEP2026,1801,False
73878,NIFTY29SEP2622300PE,29SEP2026,1801,False
73884,NIFTY29SEP2622450PE,29SEP2026,1801,False
73885,NIFTY29SEP2622550CE,29SEP2026,1801,False
73889,NIFTY29SEP2622650CE,29SEP2026,1801,False
73892,NIFTY29SEP2622700PE,29SEP2026,1801,False
73898,NIFTY29SEP2622850PE,29SEP2026,1801,False
73902,NIFTY29SEP2622950PE,29SEP2026,1801,False
74046,NIFTY29SEP2623800PE,29SEP2026,1801,False
74068,NIFTY29SEP2624200CE,29SEP2026,1801,False
74115,NIFTY29SEP2624400PE,29SEP2026,1801,False
74243,NIFTY29SEP2624550CE,29SEP2026,1801,False
74351,NIFTY29SEP2624650CE,29SEP2026,1801,False
74364,NIFTY29SEP2624950PE,29SEP2026,1801,False
74366,NIFTY29SEP2625050CE,29SEP2026,1801,False
74387,NIFTY29SEP2625300PE,29SEP2026,1801,False
74388,NIFTY29SEP2625350CE,29SEP2026,1801,False
74394,NIFTY29SEP2625400PE,29SEP2026,1801,False
74407,NIFTY29SEP2625600CE,29SEP2026,1801,False
74418,NIFTY29SEP2625750CE,29SEP2026,1801,False
74423,NIFTY29SEP2625850PE,29SEP2026,1801,False
74471,NIFTY29SEP2626300CE,29SEP2026,1801,False
74499,NIFTY29SEP2626950CE,29SEP2026,1801,False
74506,NIFTY29SEP2627150PE,29SEP2026,1801,False
80306,NIFTY30MAR2728500PE,30MAR2027,1801,False
80312,NIFTY30MAR2731500PE,30MAR2027,1801,False
86139,NIFTY27JUN2818000CE,27JUN2028,1801,False
86148,NIFTY27JUN2822000PE,27JUN2028,1801,False
86164,NIFTY27JUN2827000PE,27JUN2028,1801,False
71561,NIFTY29JUN2724000PE,29JUN2027,1801,False
73867,NIFTY29SEP2622050CE,29SEP2026,1801,False
73873,NIFTY29SEP2622200CE,29SEP2026,1801,False
73875,NIFTY29SEP2622250CE,29SEP2026,1801,False
73881,NIFTY29SEP2622400CE,29SEP2026,1801,False
73896,NIFTY29SEP2622800PE,29SEP2026,1801,False
73899,NIFTY29SEP2622900CE,29SEP2026,1801,False
73907,NIFTY29SEP2623100PE,29SEP2026,1801,False
73985,NIFTY29SEP2623500CE,29SEP2026,1801,False
73995,NIFTY29SEP2623550CE,29SEP2026,1801,False
74083,NIFTY29SEP2624200PE,29SEP2026,1801,False
74242,NIFTY29SEP2624500PE,29SEP2026,1801,False
74358,NIFTY29SEP2624800PE,29SEP2026,1801,False
74362,NIFTY29SEP2624900PE,29SEP2026,1801,False
74363,NIFTY29SEP2624950CE,29SEP2026,1801,False
74427,NIFTY29SEP2625900PE,29SEP2026,1801,False
74465,NIFTY29SEP2626200CE,29SEP2026,1801,False
74500,NIFTY29SEP2626950PE,29SEP2026,1801,False
74654,NIFTY24JUN3127000PE,24JUN2031,1801,False
74656,NIFTY24JUN3128500PE,24JUN2031,1801,False
80267,NIFTY30MAR2719500PE,30MAR2027,1801,False
89630,NIFTY26JUN2924000CE,26JUN2029,1801,False
